tokens,NE,alias,notes,score
replace,,,,0.033501925353136966
bucket,,,,0.018968954329365996
repair,,,,0.017499089826442358
grease,,,,0.01737712480379656
leak,,,,0.016591041605835223
oil,,,,0.01592414159258485
engine,,,,0.015579561916489267
hose,,,,0.014422221287312853
broken,,,,0.013439448841950287
tooth,,,,0.01298810372305763
pump,,,,0.011637920553334527
lube,,,,0.011627013790803394
rh,,,,0.011523863208582636
line,,,,0.011390565799410073
boom,,,,0.010945306443786898
lh,,,,0.010697202667027481
slew,,,,0.010595876945063231
leaking,,,,0.009794160993650772
shd24,,,,0.008868143963038153
fault,,,,0.008746611306313403
blown,,,,0.008265478253322045
start,,,,0.008173607558549166
changeout,,,,0.007778120791121319
hyd,,,,0.007660559298033309
air,,,,0.007134894984940421
hydraulic,,,,0.006514056725502119
motor,,,,0.006430732592627871
track,,,,0.005947043570561979
change,,,,0.005760123949404987
missing,,,,0.005585280338583638
stick,,,,0.005502911526963495
working,,,,0.005456520016263374
filter,,,,0.005052880644823254
jump,,,,0.0049067938393997455
cylinder,,,,0.004901309888681065
fan,,,,0.004564991568653601
eng,,,,0.004534109940762447
pin,,,,0.00431090745349248
cab,,,,0.004096792397567177
pressure,,,,0.004067326870170262
pipe,,,,0.0040304596640386645
tank,,,,0.0039496537141035445
lines,,,,0.003941859247342061
pto,,,,0.0039058002383262876
filters,,,,0.003808130282315632
fuel,,,,0.0037291364317151078
drive,,,,0.003626197539047894
valve,,,,0.003613425955213807
light,,,,0.0035331844761582374
low,,,,0.0035184148298078957
lost,,,,0.0035149868559867076
rf,,,,0.0034809230046875662
lights,,,,0.0033959010035462364
switch,,,,0.0033708484787142497
repairs,,,,0.0033440712838312876
left,,,,0.003275472048610213
alarm,,,,0.003267084795081852
exhaust,,,,0.0032292428266490086
hoses,,,,0.0032027121575570767
ring,,,,0.0031798309476875476
reseal,,,,0.0031727834285755646
roller,,,,0.003081975431437537
text,,,,0.003080526133650749
bolts,,,,0.003069649943171291
control,,,,0.0030157607286302197
servo,,,,0.0030099594535992606
teeth,,,,0.002984943393429593
fit,,,,0.0029644883096558933
hand,,,,0.002958477518988127
loose,,,,0.002949019688682208
shd0024,,,,0.0029310615067670125
leaks,,,,0.0029134988571640876
check,,,,0.002904225389015208
cyl,,,,0.0028870803001638046
main,,,,0.002879988271617951
brake,,,,0.002869120776044404
coolant,,,,0.0028096251233827355
cracked,,,,0.00280165030521227
seal,,,,0.002772732160166852
radiator,,,,0.002766242139733985
right,,,,0.00275569473961664
lip,,,,0.0027439757500868443
travel,,,,0.0027303383918616583
wont,,,,0.002616464628402101
turbo,,,,0.0026000579267884258
machine,,,,0.0025782634288152796
box,,,,0.002529531809982613
contamination,,,,0.0025084463416305074
belt,,,,0.0024568924381178437
shroud,,,,0.0024482337341993504
cooler,,,,0.002427285217127971
access,,,,0.0024235448610427012
crowd,,,,0.002422741823672965
clam,,,,0.0024162725025226855
fitting,,,,0.0023777333520946177
cooling,,,,0.002351093712444391
water,,,,0.0023380973642900442
won,,,,0.002307940077679317
temp,,,,0.002284568670450752
final,,,,0.0022271486325372487
door,,,,0.0022098170354425007
radio,,,,0.0021886652085783614
steel,,,,0.0020825704133298584
adaptor,,,,0.002068923988804351
rear,,,,0.0020483998016255947
damage,,,,0.002000091669387873
power,,,,0.0019668850694762115
hp,,,,0.001966282958532171
coming,,,,0.0019599574789587386
tip,,,,0.001953741464275416
clamp,,,,0.001949280026408398
way,,,,0.001946141334818707
block,,,,0.0019456668420887472
rhs,,,,0.0019280708214404983
damaged,,,,0.0018650214625889918
warranty,,,,0.0018485734797679908
seat,,,,0.0018405371386987237
idler,,,,0.0018393338938548823
engines,,,,0.001839032538445629
refit,,,,0.001791477823352727
gearbox,,,,0.0017784304151139303
stairs,,,,0.0017626486013858698
mount,,,,0.0017429845815440876
gauge,,,,0.00173325994159758
crack,,,,0.0017046512613763068
lhs,,,,0.0017043401067527862
acc,,,,0.001670650072362486
propel,,,,0.0016545494159060103
overheating,,,,0.0016433390339242314
cracks,,,,0.0016410517142286482
step,,,,0.0016327476701726525
window,,,,0.0016290421201138104
sensor,,,,0.001613777007926025
horn,,,,0.0015986542707556602
mounting,,,,0.0015891066321033307
rh120c,,,,0.0015661135236442988
compressor,,,,0.0015532410009938523
suppression,,,,0.0014807548784677956
cover,,,,0.0014277272989448298
seals,,,,0.0014097943778575027
handrail,,,,0.0013961295991776897
return,,,,0.0013914833986127088
outer,,,,0.0013808008764266018
cleaners,,,,0.0013706591155180528
shd,,,,0.0013547588545949204
hot,,,,0.0013483213408258736
bay,,,,0.0013329277334984105
joystick,,,,0.0013305512424703128
faulty,,,,0.0013279255965895648
service,,,,0.0013222119196770797
24,,,,0.0013109437812636095
pins,,,,0.0013051108262642876
new,,,,0.0012877488483427851
starter,,,,0.0012737461524959211
steps,,,,0.0012688584376505392
replaced,,,,0.0012602920396362753
bolt,,,,0.0012500336611408233
fittings,,,,0.0012467194236979121
swing,,,,0.001244784849403087
lower,,,,0.0011907708604360784
drain,,,,0.0011716005618998653
lever,,,,0.0011434420736382725
slow,,,,0.0011428829813443363
latch,,,,0.0011385057145076988
scope,,,,0.0011197371042185862
blowing,,,,0.0011090111707494244
failed,,,,0.0011079958817064926
tube,,,,0.0011047705565129502
shutting,,,,0.0010988545705517612
stop,,,,0.001086271347559925
pressuriser,,,,0.0010648359226659034
link,,,,0.0010506033379058277
undercarriage,,,,0.0010459195432388588
emergency,,,,0.001041155402614359
horns,,,,0.0010385426976902237
housing,,,,0.0010369106393389315
centrifugal,,,,0.0010353404557976876
ladder,,,,0.0010331253973238988
bracket,,,,0.0010304247523418312
clamps,,,,0.0010252403420308875
walkway,,,,0.001022289326678684
warning,,,,0.0010097304439889117
electrical,,,,0.0009964687195852214
pirtek,,,,0.0009958701689824015
completed,,,,0.0009948422668240218
header,,,,0.0009865488572874924
gear,,,,0.0009824705397602984
manifold,,,,0.0009767023875430663
wash,,,,0.0009744632419184006
remove,,,,0.0009725191017447239
sender,,,,0.0009709153393402749
solenoid,,,,0.0009677375486942322
weld,,,,0.0009547017975348281
mcv,,,,0.0009519427945815248
bent,,,,0.0009431181877000148
rail,,,,0.0009338831674473305
brakes,,,,0.0009306948251495086
wiring,,,,0.0009103089194226022
getting,,,,0.0009096087474279613
chip,,,,0.0009059981637630165
adjuster,,,,0.0009058039928963595
blocks,,,,0.0009043614995820655
cond,,,,0.0009011609011967122
cleaner,,,,0.0008990226548465444
level,,,,0.0008988793607879864
p1,,,,0.0008977351668075622
heater,,,,0.0008951387874504217
mounts,,,,0.0008862911431493722
high,,,,0.0008843851843815068
wing,,,,0.0008741229038872753
plate,,,,0.0008680008489848958
commercial,,,,0.0008628447715612
pilot,,,,0.0008482830579830775
come,,,,0.0008347909569382745
needs,,,,0.0008222933649088028
shovel,,,,0.0008216462655133122
supply,,,,0.0008195868192258345
centrifuge,,,,0.0008111132413065431
required,,,,0.0008107069333800294
holding,,,,0.0008024793268129359
glass,,,,0.0008007305010574225
lift,,,,0.0007966040352630137
fallen,,,,0.000795648700208185
stauff,,,,0.0007938625632193016
cap,,,,0.0007920924209577033
wear,,,,0.0007898004028348456
pumps,,,,0.0007884574193515777
batteries,,,,0.0007829487186409139
charge,,,,0.000779651650777243
press,,,,0.0007792732612075064
aftercooler,,,,0.0007734106784698627
timer,,,,0.0007726419455809906
idle,,,,0.0007700815752728214
falt,,,,0.0007615255578202908
dipstick,,,,0.0007577117909088938
breathers,,,,0.0007530559952748881
accident,,,,0.0007520732626311107
case,,,,0.0007505263693530831
gasket,,,,0.0007490397066457771
murphy,,,,0.0007459337690460368
camera,,,,0.0007411616725116193
wiper,,,,0.0007409610745108176
shut,,,,0.0007396838878679495
area,,,,0.0007371614651440733
assembly,,,,0.0007343770886132848
warr,,,,0.0007297427341192169
cameras,,,,0.0007268074138279218
fabricate,,,,0.0007250015333277324
cold,,,,0.0007204066912571868
handrails,,,,0.0007171413235925113
failure,,,,0.0007160298278280076
screen,,,,0.0007148798880614065
deck,,,,0.0007137669968450965
starting,,,,0.0007111959889705645
piping,,,,0.0006990340560968369
rebuild,,,,0.0006938117038098144
rock,,,,0.0006873164268838475
near,,,,0.0006868069310654949
cut,,,,0.0006857234527948871
blocking,,,,0.0006768718403869833
lock,,,,0.0006755885710509842
screens,,,,0.0006752185476568287
pre,,,,0.0006732312857582424
guard,,,,0.0006709194053998034
modify,,,,0.0006685433911679441
work,,,,0.0006653834284645448
bcs,,,,0.0006638931850451376
plates,,,,0.0006627400521052821
hrs,,,,0.000662365439888076
investigate,,,,0.0006622340956365645
p3,,,,0.000657483575399409
rings,,,,0.0006553676432870544
adaptors,,,,0.0006535895910782892
oring,,,,0.000653184610498478
rollers,,,,0.0006521598848712257
circuit,,,,0.0006461039687134542
cable,,,,0.0006448843596832516
unit,,,,0.0006405331292348166
history,,,,0.0006384984537910725
thermostat,,,,0.0006376476022675938
keeper,,,,0.0006344652192262324
indicator,,,,0.0006314261474076817
hydraulics,,,,0.0006303514084008502
chubb,,,,0.0006257509087080576
stair,,,,0.0006232811490811207
valves,,,,0.0006229377256084127
scv,,,,0.0006208653647482559
load,,,,0.000618420921600515
adjust,,,,0.0006177751987930111
rails,,,,0.0006080881399393131
p4,,,,0.0006079614623341155
relay,,,,0.0006040588888555464
harness,,,,0.0006040146531578022
arm,,,,0.0006022629688906464
float,,,,0.0005989233780290176
inner,,,,0.0005988000780452578
cummins,,,,0.0005961347924476016
creeping,,,,0.0005919899608949933
frame,,,,0.0005858557392105426
motors,,,,0.000585121294183111
requires,,,,0.0005838883536621658
busted,,,,0.0005838337027828102
windscreen,,,,0.0005834042628470897
safety,,,,0.0005830350499801927
p2,,,,0.0005801419754767207
suction,,,,0.0005795784331599703
recharge,,,,0.0005766403155252077
centre,,,,0.0005757370418427908
repaired,,,,0.0005746616154999563
cracking,,,,0.0005716495271051221
boxes,,,,0.0005692300143485296
clean,,,,0.0005690066676716915
need,,,,0.0005658119554038632
overhaul,,,,0.0005656613406780751
muffler,,,,0.0005605785242610807
problem,,,,0.0005603231270972828
tune,,,,0.0005580969175412378
joy,,,,0.0005580314421110389
handle,,,,0.0005556237809526823
vacuum,,,,0.0005366849204808691
adapter,,,,0.0005349584689568753
upgrade,,,,0.0005308578734751948
run,,,,0.0005294097042079812
gauges,,,,0.0005141465138560381
relief,,,,0.000513922676267433
spare,,,,0.0005133801388876493
rod,,,,0.0005124180227080975
shaft,,,,0.0005070690519922783
rectify,,,,0.0005049757821231086
burn,,,,0.0005036467851771148
retainer,,,,0.0005030547668281828
pivot,,,,0.0005013268601393606
cw,,,,0.0005006412781162992
test,,,,0.0004986502529174595
turbocharger,,,,0.0004970171419676027
cabin,,,,0.0004935247368835901
install,,,,0.0004898568428785735
plug,,,,0.0004860626082275778
going,,,,0.00048489788826173123
terex,,,,0.0004844420313626387
end,,,,0.00048279546192839197
leg,,,,0.00048205799862647094
no1,,,,0.0004802772373048886
gas,,,,0.0004795695312251795
head,,,,0.00047539501400423086
tips,,,,0.00047404768546826755
verti,,,,0.000471633363220405
ac,,,,0.00047140904632172353
walking,,,,0.00046972497848328895
card,,,,0.0004688986781435229
faults,,,,0.00046716214905240917
intake,,,,0.00046518236004325353
aircon,,,,0.00046502627888094124
logic,,,,0.0004631591330071731
com,,,,0.000459791455036179
restriction,,,,0.00045777178323470755
rotor,,,,0.00045706264822462247
breaker,,,,0.0004561980474839593
replacing,,,,0.00045338860820097953
wipers,,,,0.0004505572812427786
gland,,,,0.00044864395813087665
covers,,,,0.0004453359887508723
running,,,,0.0004450659373585839
labour,,,,0.00044338856552914816
ex,,,,0.00044255942357687684
comm,,,,0.0004400800778428914
spline,,,,0.0004386849945186229
coolers,,,,0.000435848022771294
alternator,,,,0.00043563921269200955
blocked,,,,0.0004352590461856431
blowen,,,,0.00043465745259211187
noisy,,,,0.00043371846224066587
coupling,,,,0.0004326095418479046
overflow,,,,0.00043033756541386973
fell,,,,0.00042688867786011894
bleed,,,,0.000422269108194274
package,,,,0.00041844400600644043
flat,,,,0.0004174827775019165
weeping,,,,0.00041380040038430294
free,,,,0.0004134914723322894
sys,,,,0.0004127826517265
wire,,,,0.00041197200202302344
burnt,,,,0.00041005307032304617
staying,,,,0.0004088086169663759
make,,,,0.00040556003146439545
smoke,,,,0.0004048526210328801
bung,,,,0.00040419994352690987
ram,,,,0.0004040687897718415
injectors,,,,0.00040203686629339177
pipes,,,,0.0004009520152528389
dip,,,,0.00039920607352528546
refill,,,,0.00039560184648846074
loosing,,,,0.00039519823548073477
oils,,,,0.00039374183186947903
body,,,,0.00039099871741833853
tensioner,,,,0.0003897191749601328
slipping,,,,0.0003889076019093087
require,,,,0.00038827384723660294
airconditioner,,,,0.0003869481679938646
excessive,,,,0.00038640711697845477
corner,,,,0.0003862661355200354
reserve,,,,0.00038608123356548225
operators,,,,0.0003856193217518293
sos,,,,0.00038318099428308057
outside,,,,0.0003827808076749318
lts,,,,0.00038229862600359666
split,,,,0.00038186131188208434
foot,,,,0.00038150426819509874
hosing,,,,0.0003802411632570821
shrouds,,,,0.0003794439525176376
caps,,,,0.0003756751349854426
tighten,,,,0.0003743258564430805
base,,,,0.00037369575506844414
worn,,,,0.00037009701263037575
upper,,,,0.00036685786146281276
platform,,,,0.0003659777661613554
cylinders,,,,0.0003655967246942304
extinguisher,,,,0.00036553929034402656
inspect,,,,0.00036535658698903643
board,,,,0.00036324402926944687
adjusting,,,,0.00036158434130571386
plugs,,,,0.0003593242869243067
button,,,,0.00035925537818622637
auto,,,,0.0003574973247637036
battery,,,,0.0003559527677328091
pms,,,,0.0003557689118004785
reported,,,,0.0003546523082460699
operator,,,,0.00035405363863331193
bypassing,,,,0.00035368850068815685
noise,,,,0.0003527930469646695
senders,,,,0.0003511769556983995
housings,,,,0.00035109078632361855
conditioner,,,,0.00034888874062651606
room,,,,0.00034883871977576885
primary,,,,0.00034871346289672514
error,,,,0.0003486518306720672
carbody,,,,0.00034398826510300074
gease,,,,0.0003438195414281916
ros,,,,0.0003422398339110052
inside,,,,0.0003420472816409399
rewire,,,,0.00034174183984259413
heads,,,,0.0003416954382771791
overtemp,,,,0.0003408457066142981
guage,,,,0.0003386668098337388
no3,,,,0.0003386497461924147
hands,,,,0.0003373822509077115
timing,,,,0.00033400004314431054
panel,,,,0.0003332652045811335
module,,,,0.00033118536377749105
gaurds,,,,0.000330907171303216
short,,,,0.0003308128272694941
limit,,,,0.00032961827433361924
gearcase,,,,0.0003290645916705106
keepers,,,,0.00032767264343146326
rhf,,,,0.0003276509723383012
retaining,,,,0.0003275192946775116
open,,,,0.00032688213146702923
rope,,,,0.0003266741346268684
cabinet,,,,0.00032512469727612105
operation,,,,0.0003234831627480102
carrier,,,,0.00032290325521384326
bypass,,,,0.0003221862719483825
restart,,,,0.000319790878142302
misc,,,,0.0003193522328784589
activated,,,,0.0003183050905804735
drives,,,,0.00031773479778063487
fitted,,,,0.00031707726025808204
key,,,,0.00031656744865760913
speed,,,,0.0003155051925904916
rh120e,,,,0.0003150165862215288
pressurising,,,,0.0003150144040011081
cavity,,,,0.0003146723889551448
problems,,,,0.0003135439506103251
distribution,,,,0.0003123780902693876
remount,,,,0.00031031885623336683
deflector,,,,0.0003100520126169831
speaker,,,,0.00030628327318656806
dash,,,,0.0003038704517981179
mining,,,,0.00030261258674808795
prelube,,,,0.00030237400400266094
pack,,,,0.000301784907295182
dust,,,,0.0003017810425443275
sleeve,,,,0.00030110833381666595
sample,,,,0.0002975381149797919
pull,,,,0.0002948374141175334
pot,,,,0.0002946932034453458
flow,,,,0.0002941388523685286
changed,,,,0.0002924222580955374
discharged,,,,0.00029234072629785376
reservoir,,,,0.00028999369089954396
metal,,,,0.00028695307727322395
boily,,,,0.000286167460812317
breather,,,,0.0002854045595326901
locking,,,,0.00028425978675899154
instrument,,,,0.00028344372926027904
wireing,,,,0.00028264768979890123
elbow,,,,0.00028260453950209707
revs,,,,0.00028190619920738725
mufflers,,,,0.00028140137989273443
releasing,,,,0.0002812732388856715
mtr,,,,0.0002797479944404182
cutting,,,,0.0002790973539230672
throttle,,,,0.0002763479237718898
vee,,,,0.00027589629612937875
using,,,,0.0002747463266579706
shim,,,,0.00027438004561497123
fix,,,,0.0002738143003285217
x15,,,,0.00027356785993018766
support,,,,0.0002728875360933165
parts,,,,0.0002704272028974148
x1,,,,0.00027042293299320476
pressurisers,,,,0.00026944481318081596
injector,,,,0.0002661726331081362
bottle,,,,0.0002661073196549902
maintenance,,,,0.00026576102345532855
hinges,,,,0.00026566649059810946
defective,,,,0.00026557477999914804
reel,,,,0.0002646581061188584
supression,,,,0.0002636599640168721
swivel,,,,0.0002633132533228714
transmission,,,,0.00026231107751657014
audit,,,,0.00026222754205569376
malfunction,,,,0.0002620840849385123
rh120,,,,0.00026140681405505345
discharge,,,,0.00026032560439116775
properly,,,,0.00025984905799494027
tram,,,,0.00025879207114570433
replacement,,,,0.00025788967219899983
pulley,,,,0.0002575185849950248
chains,,,,0.00025743336269454757
pp,,,,0.0002569823151168716
sunblind,,,,0.0002566389160102308
welding,,,,0.00025610247857668736
heating,,,,0.0002558348335850488
der,,,,0.0002554977601925692
ignition,,,,0.00025477799021183405
latches,,,,0.0002538383891416346
second,,,,0.00025335889529843274
set,,,,0.0002530245418579448
bulk,,,,0.0002523988712233897
functions,,,,0.0002512202556606344
quote,,,,0.0002510363392349925
09,,,,0.00025021105463082625
balance,,,,0.0002499548620211395
seized,,,,0.00024907455263653393
flex,,,,0.00024848388463747864
vent,,,,0.0002475362477925604
ear,,,,0.0002474924265858096
charging,,,,0.00024724392480430347
burst,,,,0.0002467374831190768
thermostats,,,,0.0002466680743038559
directional,,,,0.0002458409581468729
tread,,,,0.00024561850215760984
plc,,,,0.00024542296466446395
belts,,,,0.00024514608373440695
retainers,,,,0.0002442291039970299
major,,,,0.00024414723989895113
guards,,,,0.00024361752946118644
shuting,,,,0.00024347522021697806
alarms,,,,0.00024311014633013515
bar,,,,0.00024281093277894085
piece,,,,0.00024215687420503886
08,,,,0.0002420840746017005
shd26,,,,0.0002415523403799079
wo,,,,0.00023960598381644066
inlet,,,,0.0002388488496282637
circlip,,,,0.00023809070459968027
function,,,,0.00023747589045888372
chain,,,,0.00023737806913732206
switches,,,,0.0002354905599780944
assy,,,,0.00023376479155913282
roof,,,,0.00023196463573523377
vdo,,,,0.0002316340229363696
strips,,,,0.0002315087068115306
dipper,,,,0.00023093480364220874
mech,,,,0.00023053916841705155
spinner,,,,0.00022961854808202351
extra,,,,0.00022947690043785714
removed,,,,0.00022876809133924044
cost,,,,0.00022737279824874956
elect,,,,0.00022670445955480167
occurring,,,,0.00022542912296952023
holed,,,,0.0002245423981172229
joint,,,,0.0002238051832717516
shd23,,,,0.00022379022389300228
keeps,,,,0.00022305875355215852
lighting,,,,0.0002227461675253476
cms,,,,0.00022272572806989098
driers,,,,0.0002222039255645798
no2,,,,0.00022102600199400504
fitter,,,,0.00022020500321141435
reposition,,,,0.00021966367457494133
bulb,,,,0.00021943003442427274
ramp,,,,0.00021937288460192395
lid,,,,0.00021891598606227526
lin,,,,0.00021870060838090504
reading,,,,0.00021787780868109133
aircons,,,,0.00021638764550972205
car,,,,0.00021584486980537546
trans,,,,0.00021514643004658923
blade,,,,0.00021317036332356253
pedal,,,,0.00021251680217511623
console,,,,0.00021228099026021193
welded,,,,0.00021226162374772992
point,,,,0.00020918082793257206
style,,,,0.00020895202632121462
receiving,,,,0.0002089077390188229
capital,,,,0.00020863769157504166
hard,,,,0.00020856322984788217
tramming,,,,0.00020804560947988411
weep,,,,0.00020752899195791274
bad,,,,0.00020637714531803508
bushes,,,,0.00020513975839613364
orings,,,,0.00020428627280141183
flush,,,,0.0002037815613421946
sections,,,,0.0002030505965306827
slide,,,,0.00020206268712062538
counterweight,,,,0.00020194386736732879
controler,,,,0.00020147351588190493
mirror,,,,0.0002012576241752318
repl,,,,0.00019976158400091193
complete,,,,0.0001991168147047938
gaurd,,,,0.00019890669219130218
shd0026,,,,0.0001981422937426722
old,,,,0.00019813390735133634
wall,,,,0.0001964555250583008
moving,,,,0.00019631236227326016
adverse,,,,0.0001936114465437491
accessory,,,,0.00019340344496516094
lacking,,,,0.00019275162854251194
brackets,,,,0.0001924444166689936
station,,,,0.00019231690803427808
ports,,,,0.000192159551232123
riu,,,,0.00019188150977176056
no4,,,,0.0001917935539074948
dump,,,,0.00019169900543751896
hours,,,,0.00019123546150955203
fans,,,,0.00019119052427846124
rplace,,,,0.0001907201793442328
distributor,,,,0.0001904340194732956
cav,,,,0.00019002584405090734
anti,,,,0.00019002584405090734
shutdown,,,,0.000190008131302728
tension,,,,0.00018856291407597572
manifolds,,,,0.00018817707795587077
60176281,,,,0.00018758697933180058
06,,,,0.00018751566625785368
hunting,,,,0.00018723758266892495
bkt,,,,0.00018694622921985304
dry,,,,0.00018674687951618756
tap,,,,0.0001865779186317853
fd,,,,0.00018605092462014097
turn,,,,0.00018603950193518898
guide,,,,0.0001856001789910093
shd0023,,,,0.0001852066470473523
additional,,,,0.00018508892735088657
appears,,,,0.00018508384261135076
lamp,,,,0.00018481610566443095
intermittent,,,,0.00018453404276893762
falling,,,,0.00018448551556634316
micro,,,,0.00018408368399778794
ass,,,,0.0001833404727780617
speakers,,,,0.0001829115413502267
120e,,,,0.00018272866864705694
dist,,,,0.00018255369049730588
linkage,,,,0.0001824370050478227
torn,,,,0.00018232567668837753
defects,,,,0.0001817537787199812
used,,,,0.00018137040514732816
handles,,,,0.0001811363379905569
stand,,,,0.0001807980204854714
buttons,,,,0.0001806937278662232
relocate,,,,0.00018025667659103605
hub,,,,0.0001796487027387605
structure,,,,0.0001796334824615101
regulator,,,,0.0001793421405859315
10,,,,0.00017920245134558203
cables,,,,0.00017881563880613944
poss,,,,0.00017868739787336866
blind,,,,0.0001784305255133961
releif,,,,0.0001780341857944322
tripped,,,,0.00017790592523584127
blower,,,,0.00017747395436790137
making,,,,0.00017739458850860306
12,,,,0.00017726079831926366
material,,,,0.00017718362333162354
dropping,,,,0.00017691843879690775
tubing,,,,0.00017620520668151598
sliding,,,,0.00017610568335696286
build,,,,0.00017596292898976483
playing,,,,0.0001755450404385307
day,,,,0.0001754310438840033
aerial,,,,0.0001741860655765377
bungs,,,,0.0001735281480824867
bearing,,,,0.00017286776657642343
rotary,,,,0.0001727696477342839
tipping,,,,0.00017267879920563632
tripping,,,,0.000172359855609231
tower,,,,0.00017194390640782039
shin,,,,0.00017175258582987195
carry,,,,0.00017135609562539088
aircleaners,,,,0.00017008451092293643
ropes,,,,0.00016966782403717793
knob,,,,0.0001689088382986452
stripped,,,,0.00016870236318857997
units,,,,0.00016839549864270244
bush,,,,0.00016820121696050182
adj,,,,0.00016652954848712866
cavities,,,,0.00016323717576346782
suspect,,,,0.00016317699108867238
needed,,,,0.00016307119264272294
nixons,,,,0.00016293503441026108
jumpstart,,,,0.00016273386436978945
gard,,,,0.0001626705402907287
hi,,,,0.00016157272713211102
85,,,,0.00016150958639491784
140,,,,0.00016150958639491784
adrift,,,,0.00016140091818642866
cat,,,,0.0001611836113068713
floor,,,,0.0001606444189323398
gates,,,,0.00015956017167189938
26182337,,,,0.00015950471299516465
fm,,,,0.00015944455941671907
fab,,,,0.00015932651465159882
times,,,,0.00015912945043039967
wrry,,,,0.00015900000500620567
shd16,,,,0.00015857152860366457
mud,,,,0.00015856743616932158
screw,,,,0.0001580462177147215
driveshaft,,,,0.0001577703688218928
controller,,,,0.00015732987628363766
cord,,,,0.0001571271126698158
breoken,,,,0.000157119879263941
broen,,,,0.000157119879263941
close,,,,0.00015520801586906924
idlers,,,,0.00015519030796939826
compresor,,,,0.00015460348666625394
movement,,,,0.000153478630502573
slewing,,,,0.00015331236315353647
catch,,,,0.00015282428662694632
diesel,,,,0.00015174208706476077
flashing,,,,0.0001515937068653903
blankets,,,,0.0001515579688347676
isolator,,,,0.00015068376302749729
alt,,,,0.00015061638566951996
alarming,,,,0.00014978251075276313
exhingisher,,,,0.00014891599981622304
heat,,,,0.00014868201122990234
tritronics,,,,0.0001486607071772399
tracks,,,,0.00014845283623610104
workin,,,,0.00014812481322547572
slides,,,,0.00014786714655008596
hinge,,,,0.00014762229338423878
replce,,,,0.0001470888450872249
request,,,,0.00014693603211186974
rest,,,,0.00014689738838263516
16,,,,0.00014663300502859824
servicing,,,,0.00014618388355009307
bore,,,,0.0001459075998494634
sticks,,,,0.00014522017565044926
outlet,,,,0.00014492956640077358
r40,,,,0.00014450515831277748
pres,,,,0.0001440145476447214
surpression,,,,0.00014321094368349257
magnet,,,,0.00014284825243656639
striker,,,,0.00014243394772480588
unable,,,,0.0001424065961105418
crank,,,,0.00014154673947335193
cons,,,,0.0001415431759088527
coolent,,,,0.00014147027726972046
r10,,,,0.0001413391623908178
spool,,,,0.0001410945334977187
crossover,,,,0.00014091877307686164
contam,,,,0.00014084799971319646
interior,,,,0.0001408194868787456
undercarrage,,,,0.0001407476993706707
rubbed,,,,0.00014065591160109013
stopped,,,,0.00014053220873466686
loop,,,,0.00013999142891518853
x2,,,,0.0001399151919767961
bolwn,,,,0.00013984160103772047
section,,,,0.00013975797121588529
aircond,,,,0.00013949234859087425
err,,,,0.00013940912418675705
mods,,,,0.00013880718156989748
circlips,,,,0.00013863165398389802
elec,,,,0.00013846840995523145
aduit,,,,0.00013843840808320298
attach,,,,0.00013835288855314833
reverse,,,,0.00013822147020671284
drains,,,,0.00013817522211696586
sensors,,,,0.00013791273726829778
angle,,,,0.00013785258702923208
mic,,,,0.00013744656005289517
maintaining,,,,0.0001373704459386848
repalced,,,,0.00013725583932321997
spilt,,,,0.0001371755015647454
doors,,,,0.00013695520553056288
bulbs,,,,0.00013687060628996407
greased,,,,0.00013649507997320936
primepower,,,,0.0001362036646421764
mountings,,,,0.00013592842030418537
guages,,,,0.00013569587876095514
quick,,,,0.0001355167547539134
traps,,,,0.00013520457111423505
intermitent,,,,0.00013469636461035605
proxy,,,,0.0001341435130134445
pit,,,,0.00013406748883014512
middle,,,,0.0001339184304982381
walk,,,,0.00013317649453007397
mainpump,,,,0.00013307548434815687
operating,,,,0.0001325205155678006
xover,,,,0.0001324299980156965
pumpgearbox,,,,0.0001323563280418227
dying,,,,0.00013200139120148036
vale,,,,0.00013130096567459768
mesabi,,,,0.00013115476403953723
rocker,,,,0.00013107965632370706
results,,,,0.0001310749988948725
stock,,,,0.00013103864025102975
led,,,,0.00013090595916815718
backrest,,,,0.0001307444407463818
clutch,,,,0.00013066244928986972
proximity,,,,0.00013054760660598735
warm,,,,0.0001303620237977768
stay,,,,0.00013006042284778786
add,,,,0.000129899872549412
comes,,,,0.00012947487571127455
fixed,,,,0.00012933120972114675
ryco,,,,0.0001290818697786673
gaskets,,,,0.0001289304904584872
counter,,,,0.0001286300185807262
gum,,,,0.00012862359464525133
rpm,,,,0.00012847091185910856
poly,,,,0.00012835935911823643
rubber,,,,0.00012811458926942652
tanks,,,,0.00012735194412754808
adjusted,,,,0.0001272218344552097
seperator,,,,0.00012709730533458385
report,,,,0.0001269520116827166
arms,,,,0.00012693104292352717
bridge,,,,0.0001268762553933306
erratic,,,,0.0001267306524862156
sticking,,,,0.00012670875956112697
pumped,,,,0.00012664527034948238
pos,,,,0.00012612050090659674
slue,,,,0.0001260471923964046
toplok,,,,0.0001259904019156246
rough,,,,0.0001259210076606679
ice,,,,0.00012561123077932024
date,,,,0.00012531266601187885
order,,,,0.00012512982852075098
no5,,,,0.00012504245145927083
slewbox,,,,0.00012475707200454601
tracking,,,,0.00012464435649591957
coal,,,,0.00012445902155742427
weldment,,,,0.00012402395192308115
protector,,,,0.00012371990681601296
stuck,,,,0.0001236923711089505
intermitently,,,,0.00012367130525175497
maintance,,,,0.00012364726194733855
repairing,,,,0.00012357591816424904
waterpump,,,,0.00012323299171669992
blades,,,,0.00012314999269651944
shimming,,,,0.00012313433567893932
player,,,,0.00012306105658964624
cd,,,,0.00012306105658964624
blow,,,,0.0001227224016041967
hour,,,,0.0001222029431614605
meter,,,,0.0001222029431614605
tied,,,,0.00012214246567230787
small,,,,0.00012200586658322392
points,,,,0.00012163628891488155
holes,,,,0.00012162732858821362
rag,,,,0.0001213324287664717
overflows,,,,0.00012128423937021524
barrel,,,,0.00012125525781179011
diagnose,,,,0.00012065935386464573
mechanical,,,,0.00012055692265142731
electric,,,,0.00012033466235008314
def,,,,0.00012022750699891853
revolving,,,,0.00012000744665473129
refuelling,,,,0.00011994775319170896
rebolt,,,,0.00011949715636468391
bot,,,,0.00011945068586448419
slave,,,,0.00011924290858033976
ext,,,,0.0001192069296658004
crimp,,,,0.00011918238043641227
pwr,,,,0.00011912169256478539
piston,,,,0.00011899463668901185
welds,,,,0.00011865160649815633
possible,,,,0.00011853449628420706
23,,,,0.00011832372837183995
ordered,,,,0.00011811998940149945
reconnect,,,,0.00011806096296064259
passing,,,,0.00011802221183321891
washdown,,,,0.00011773603360889111
fy11,,,,0.00011730016876198558
fouling,,,,0.00011725687675331185
hole,,,,0.00011694154030674026
swash,,,,0.00011690457520668166
shims,,,,0.00011688376639351424
1boily,,,,0.00011682498466879965
05,,,,0.00011665017863575444
changeover,,,,0.00011650094917114964
stuffed,,,,0.00011617799621356464
direction,,,,0.00011605367256877874
latching,,,,0.00011600214540587467
delivery,,,,0.00011567293121727254
apart,,,,0.00011545615475270264
chocks,,,,0.00011540720864329824
mains,,,,0.00011530453167134572
beam,,,,0.00011470671457571534
awma,,,,0.00011462255459845643
vents,,,,0.00011430404167062714
filling,,,,0.00011413972723552726
40,,,,0.00011347367660702783
installation,,,,0.0001133041826926204
smart,,,,0.0001133041826926204
adjustment,,,,0.00011318873018057231
2way,,,,0.00011314714944873706
lhr,,,,0.00011302024181774062
modified,,,,0.00011296640474429647
condensors,,,,0.00011279391812922887
resealing,,,,0.00011276606896988849
fy10,,,,0.00011224064809421685
cam,,,,0.00011170156819092013
measure,,,,0.00011088120200446145
reweld,,,,0.00011042698176673414
stack,,,,0.00011042698176673414
sides,,,,0.00011020914775856262
storage,,,,0.00011020227328788626
extend,,,,0.00010993090585978479
exceeding,,,,0.00010941021126758727
2of,,,,0.00010914854329156612
evaporator,,,,0.00010905308441939221
2nd,,,,0.00010873997227343971
pad,,,,0.00010798901390226293
500hr,,,,0.00010772242704442757
frames,,,,0.00010676816288898966
collision,,,,0.0001060060562291133
avoidance,,,,0.0001060060562291133
sight,,,,0.0001057519162973267
adapt,,,,0.00010528318233042063
idt,,,,0.00010528318233042063
fms,,,,0.00010528318233042063
func,,,,0.00010466709507060122
stays,,,,0.00010439379945885746
riding,,,,0.00010389886747564439
holder,,,,0.00010368902273432532
secondary,,,,0.00010292692608552021
offsite,,,,0.00010279917811226676
truck,,,,0.00010279000429769258
rev,,,,0.00010167749992109924
boarding,,,,0.00010163179949400758
15,,,,0.00010023512698466762
edge,,,,9.935957286795152e-05
production,,,,9.887889255872482e-05
insert,,,,9.792095813869956e-05
13,,,,9.79106423931301e-05
estops,,,,9.66598560275843e-05
rerair,,,,9.66598560275843e-05
moto,,,,9.65853690980575e-05
tec,,,,9.636549422863811e-05
skin,,,,9.369757590797586e-05
red,,,,9.155075950840483e-05
cascade,,,,9.145653576370526e-05
dipstik,,,,9.115675661451237e-05
controls,,,,9.115675661451237e-05
swap,,,,9.113894716676991e-05
smokey,,,,9.086209017040947e-05
miss,,,,9.086209017040947e-05
surging,,,,9.086209017040947e-05
cycling,,,,9.078103384804139e-05
wearing,,,,9.025858933398697e-05
bus,,,,9.012053551806984e-05
ou,,,,8.983864321190552e-05
stroking,,,,8.97543360790947e-05
croud,,,,8.934353067596547e-05
01,,,,8.90235237493297e-05
distributors,,,,8.832942291569633e-05
bown,,,,8.784795161006312e-05
scratch,,,,8.750288678356616e-05
dripping,,,,8.750288678356616e-05
chipped,,,,8.629473775981023e-05
renewal,,,,8.627983094386903e-05
ways,,,,8.607788739004587e-05
she0024,,,,8.585354998714847e-05
dryer,,,,8.530111726221527e-05
04,,,,8.515395703934097e-05
sandwich,,,,8.513843837152411e-05
ideling,,,,8.506390022102561e-05
solinoid,,,,8.500053205702121e-05
29,,,,8.480214449515006e-05
hobbs,,,,8.476709133481375e-05
fluro,,,,8.476709133481375e-05
susspression,,,,8.466918430232481e-05
kick,,,,8.461399601734892e-05
chande,,,,8.426993526150076e-05
blwn,,,,8.42159198135865e-05
pto2,,,,8.41343186060196e-05
locked,,,,8.40169764113292e-05
blinds,,,,8.340983661777411e-05
snsor,,,,8.33355410685307e-05
airlock,,,,8.306729560686152e-05
shields,,,,8.30241887563433e-05
crib,,,,8.296198029470046e-05
wouldnt,,,,8.296198029470046e-05
smokes,,,,8.296198029470046e-05
repplace,,,,8.277494685865313e-05
faulting,,,,8.266889661819025e-05
components,,,,8.238278925980469e-05
reversing,,,,8.22774527399538e-05
cleanout,,,,8.211815688844556e-05
vibration,,,,8.208110848733849e-05
flood,,,,8.200624173333248e-05
systemat,,,,8.195841697619189e-05
exd36,,,,8.195841697619189e-05
carriage,,,,8.195841697619189e-05
transmit,,,,8.189014479876212e-05
lipshroud,,,,8.171092554197855e-05
microphone,,,,8.158995550516808e-05
imp,,,,8.154950341496988e-05
slop,,,,8.135408157697626e-05
monitoring,,,,8.11856733605589e-05
lighjts,,,,8.11003416370041e-05
shd0016,,,,8.10587734043251e-05
accumlator,,,,8.095175387967341e-05
1725206,,,,8.095175387967341e-05
intermittantley,,,,8.089283749160745e-05
bulkhead,,,,8.087424023106175e-05
03,,,,8.084487234727716e-05
loud,,,,8.078325209052679e-05
protection,,,,8.073332109755495e-05
went,,,,8.06376151064601e-05
brokem,,,,8.038517887380102e-05
interlock,,,,8.037907976985134e-05
gearboxes,,,,8.033806099718589e-05
pads,,,,8.029427237947107e-05
oerheating,,,,8.022730110657834e-05
troubleshoot,,,,8.00674998756362e-05
cont,,,,7.995327054499672e-05
contamin,,,,7.995327054499672e-05
parker,,,,7.981096028115225e-05
wiggins,,,,7.981096028115225e-05
19,,,,7.947816492624181e-05
conditioners,,,,7.942094435843338e-05
condition,,,,7.942094435843338e-05
comditioning,,,,7.942094435843338e-05
falts,,,,7.92156415779759e-05
missimg,,,,7.91725014754223e-05
lchange,,,,7.910251817918323e-05
cuting,,,,7.9044554233402e-05
realigning,,,,7.899435984102373e-05
adjustor,,,,7.895809015710681e-05
shd0024hoses,,,,7.875965209432191e-05
servi,,,,7.864266450895838e-05
r8,,,,7.856945767041299e-05
massive,,,,7.856945767041299e-05
geaercase,,,,7.848326648520984e-05
voltage,,,,7.84440700981444e-05
backhoe,,,,7.834892969608694e-05
knuckle,,,,7.808839108395018e-05
canister,,,,7.80313330880999e-05
awex,,,,7.795469750924504e-05
stops,,,,7.795375907756937e-05
indicators,,,,7.776744668734543e-05
heel,,,,7.760010880267392e-05
retract,,,,7.736253532946273e-05
presure,,,,7.7323584800754e-05
reinstal,,,,7.731031948160234e-05
fulling,,,,7.708682643719278e-05
rating,,,,7.694608493271068e-05
bace,,,,7.691326558683714e-05
signal,,,,7.690782021486807e-05
amber,,,,7.678887197821462e-05
sump,,,,7.671668355366606e-05
condensor,,,,7.670607685486192e-05
outers,,,,7.660709866694185e-05
2x,,,,7.658755301541789e-05
eratic,,,,7.653627493691847e-05
arch,,,,7.650666421022235e-05
cyls,,,,7.645150998459057e-05
cross,,,,7.643852682885725e-05
venturi,,,,7.639797267939396e-05
sysetm,,,,7.635421973913643e-05
lance,,,,7.611329294120456e-05
suspression,,,,7.608306482377398e-05
niosy,,,,7.608306482377398e-05
trameing,,,,7.581737537772735e-05
s1,,,,7.577922777593641e-05
comp,,,,7.577922777593641e-05
udercarriage,,,,7.577922777593641e-05
realign,,,,7.571148575791238e-05
biulding,,,,7.570282799187919e-05
powerstep,,,,7.569612276245633e-05
fiting,,,,7.566931846162984e-05
repace,,,,7.55704746505841e-05
r40s,,,,7.556252338240139e-05
intermittently,,,,7.55271414715421e-05
booming,,,,7.551420298883212e-05
intercooler,,,,7.543611297432727e-05
calibrate,,,,7.543427312471764e-05
losted,,,,7.536975970214186e-05
20579959,,,,7.522689221060581e-05
motions,,,,7.521339566559866e-05
ramp9,,,,7.520543235418495e-05
backwall,,,,7.509818515384472e-05
grese,,,,7.508866935053956e-05
der1,,,,7.504983896078636e-05
dipsticks,,,,7.499857927837776e-05
solenoids,,,,7.4980587857884e-05
blowers,,,,7.4980587857884e-05
releasingl,,,,7.482037379436302e-05
b26123,,,,7.481397001919847e-05
catchers,,,,7.477234158654905e-05
fasten,,,,7.47514787805294e-05
pumpdrive,,,,7.474687976690366e-05
adapters,,,,7.466496464107779e-05
listed,,,,7.463820995300476e-05
greaseline,,,,7.456413522137514e-05
comig,,,,7.455199177966879e-05
slowon,,,,7.443538665103418e-05
systems,,,,7.440672295388119e-05
complaint,,,,7.42884098072991e-05
clock,,,,7.428583835504946e-05
pickup,,,,7.420741398774346e-05
handside,,,,7.410980497250644e-05
dungs,,,,7.406594355806994e-05
recliner,,,,7.404736794662504e-05
waranty,,,,7.398347242709264e-05
static,,,,7.394169820616441e-05
commecial,,,,7.394033095307346e-05
filled,,,,7.39356779406973e-05
missfire,,,,7.3920162490682e-05
centifuge,,,,7.391563474752311e-05
comtination,,,,7.387523323036123e-05
lhe,,,,7.379846839011039e-05
centrafugal,,,,7.348988751505812e-05
reair,,,,7.348118846721701e-05
bottomed,,,,7.347604239182739e-05
mode,,,,7.345549038292321e-05
consoles,,,,7.344468757789735e-05
suppresion,,,,7.34404740363591e-05
bennie,,,,7.341677878058579e-05
filler,,,,7.339748993292308e-05
shd18,,,,7.333876355684356e-05
creep,,,,7.330143999553122e-05
10bar,,,,7.32274738432279e-05
rhr,,,,7.307008584451211e-05
commaction,,,,7.301627858384472e-05
comaction,,,,7.301627858384472e-05
connection,,,,7.298676908270504e-05
vacum,,,,7.289630462418817e-05
sentinal,,,,7.284653249515114e-05
accum,,,,7.268401196893216e-05
checkout,,,,7.265958357465287e-05
superstructure,,,,7.265530269401413e-05
drop,,,,7.249633519328443e-05
r9,,,,7.247330363197744e-05
antenna,,,,7.242454562057016e-05
reservior,,,,7.23785293707307e-05
maiin,,,,7.236743802402189e-05
compartment,,,,7.232287861067527e-05
no7,,,,7.219575712677306e-05
lader,,,,7.217403880128342e-05
overfilling,,,,7.21598455239702e-05
roll,,,,7.211700036697884e-05
centrifcal,,,,7.18344259249279e-05
continual,,,,7.180925930603582e-05
vaccum,,,,7.178906860320908e-05
spout,,,,7.172563383605583e-05
conditioning,,,,7.171507246627551e-05
lids,,,,7.166895475403638e-05
sloppy,,,,7.166124592639244e-05
al,,,,7.15577522717171e-05
element,,,,7.141673294544088e-05
ndt,,,,7.140726091191581e-05
little,,,,7.136934243528473e-05
sediment,,,,7.136772253521193e-05
lubing,,,,7.130256479880763e-05
ps4,,,,7.114700744203558e-05
handpiece,,,,7.112061921931035e-05
reciever,,,,7.109973852946616e-05
joysticks,,,,7.109973852946616e-05
wotking,,,,7.108712083343025e-05
fully,,,,7.103889681635668e-05
overfull,,,,7.102177137343565e-05
input,,,,7.089998542951873e-05
came,,,,7.089974483271157e-05
sync,,,,7.079871350229306e-05
perform,,,,7.076034780118044e-05
face,,,,7.073980754248801e-05
ferrules,,,,7.067831437511344e-05
weald,,,,7.050455559405765e-05
boots,,,,7.043676789825711e-05
twice,,,,7.038068444958803e-05
smashed,,,,7.034540412039995e-05
slewpump,,,,7.03415102387408e-05
bloc,,,,7.029594186947464e-05
large,,,,7.02884010942145e-05
lengthen,,,,7.022373260093262e-05
fanhub,,,,7.013513952886397e-05
ehaust,,,,7.011398726557758e-05
pick,,,,7.009880792876789e-05
extensions,,,,7.005544378740776e-05
diptick,,,,7.005458400086079e-05
tensioners,,,,6.997347222223312e-05
stauf,,,,6.991837080884912e-05
lowerboom,,,,6.987419968974761e-05
20m3,,,,6.974148961808503e-05
active,,,,6.971504265950336e-05
cannister,,,,6.967533126505503e-05
exaust,,,,6.96347616442491e-05
0024,,,,6.961849079919586e-05
bleeds,,,,6.958011072209269e-05
minets,,,,6.956999081219519e-05
identification,,,,6.95370003079124e-05
ferrule,,,,6.952982970343755e-05
discoloured,,,,6.944114932830064e-05
pum,,,,6.939523162750729e-05
cleaned,,,,6.939391570612936e-05
fallin,,,,6.938741593521279e-05
entering,,,,6.937989167025872e-05
knock,,,,6.928000498841448e-05
action,,,,6.920561433103109e-05
3rd,,,,6.909273357861817e-05
spares,,,,6.907643955972677e-05
detachable,,,,6.905005046099195e-05
rops,,,,6.899903171945159e-05
studs,,,,6.880926450772865e-05
failures,,,,6.878168029767472e-05
rams,,,,6.864897348848612e-05
grade,,,,6.857948268197982e-05
2l,,,,6.845977046540029e-05
cn,,,,6.845864263513363e-05
changes,,,,6.836126258055636e-05
drum,,,,6.833937960994062e-05
rests,,,,6.829439266656675e-05
investigat,,,,6.825108999142982e-05
separator,,,,6.822270441715821e-05
accumalator,,,,6.821571914207046e-05
finish,,,,6.814483061839753e-05
reservoirs,,,,6.812092564775998e-05
continuously,,,,6.809345006651338e-05
filtration,,,,6.7956250459697e-05
contaminated,,,,6.782885437078835e-05
cutter,,,,6.782872325971574e-05
limits,,,,6.781804649897726e-05
omron,,,,6.767142970138051e-05
handwash,,,,6.762496003905394e-05
extractors,,,,6.758303827400664e-05
r20,,,,6.755936732300783e-05
carriers,,,,6.755730866837252e-05
separators,,,,6.754243905182849e-05
boltdslhs,,,,6.750397138127344e-05
catwalk,,,,6.74738468405954e-05
stem,,,,6.744225817321913e-05
catches,,,,6.742799675630678e-05
gskt,,,,6.737292305977506e-05
6369,,,,6.735192075627446e-05
chute,,,,6.724802409803062e-05
greasing,,,,6.72398582022397e-05
communication,,,,6.723016539664941e-05
r5,,,,6.720333343753328e-05
bleeders,,,,6.706652001091134e-05
reservor,,,,6.696328857531106e-05
fluoro,,,,6.694293373632903e-05
compressors,,,,6.688896558265996e-05
stiff,,,,6.683681074397336e-05
thermo,,,,6.679652420604447e-05
vac,,,,6.669178241021491e-05
cleaning,,,,6.663865058434624e-05
cmpressor,,,,6.65649353264367e-05
wter,,,,6.65155361903725e-05
center,,,,6.646314238375496e-05
blockin,,,,6.642306718177036e-05
cas,,,,6.635611994999155e-05
functioning,,,,6.635535929788205e-05
reserves,,,,6.633410504773882e-05
jsa,,,,6.631773102161276e-05
sign,,,,6.631773102161276e-05
profile,,,,6.627119475635625e-05
brkt,,,,6.620182168016537e-05
to10minutes,,,,6.617263539275446e-05
reset,,,,6.617263539275446e-05
hydra,,,,6.616795594514152e-05
tape,,,,6.616477428159844e-05
fittin,,,,6.613324013880382e-05
backlight,,,,6.609621976820222e-05
round,,,,6.602406545622791e-05
screaming,,,,6.598691035343334e-05
sps,,,,6.588975558635423e-05
drivers,,,,6.580894480126231e-05
aluminium,,,,6.57156723170883e-05
sealed,,,,6.560964561304209e-05
guarding,,,,6.560964561304209e-05
jobs,,,,6.555401475797276e-05
update,,,,6.550125850374111e-05
rusted,,,,6.54949792744365e-05
resevoir,,,,6.546329340999688e-05
shd13,,,,6.541286109787485e-05
wouldn,,,,6.538882559787983e-05
supports,,,,6.53585696111587e-05
clogged,,,,6.535717235230713e-05
beacon,,,,6.534086548913374e-05
tml,,,,6.533712415840609e-05
hire,,,,6.533712415840609e-05
trumpet,,,,6.532624410414512e-05
6349,,,,6.529143744768116e-05
strap,,,,6.526580514369285e-05
rocks,,,,6.525506992022305e-05
suspension,,,,6.520678584336862e-05
quickfill,,,,6.520234186196418e-05
acumulator,,,,6.516270186855039e-05
npb07,,,,6.515484945909312e-05
finial,,,,6.512462531395121e-05
refurbishment,,,,6.503463730677432e-05
suspects,,,,6.502974733801988e-05
60176380,,,,6.49723062676677e-05
cards,,,,6.495857457152211e-05
washed,,,,6.495503626149869e-05
119,,,,6.494616064638244e-05
swk1,,,,6.494616064638244e-05
internally,,,,6.487712570083129e-05
borrow,,,,6.483249800879787e-05
retain,,,,6.482529897304809e-05
xfitters1xboily,,,,6.478717318793375e-05
decktravel,,,,6.465870581978604e-05
seated,,,,6.465246347362375e-05
stalling,,,,6.464091912298988e-05
craking,,,,6.462154790098884e-05
dowm,,,,6.460571756524492e-05
bladder,,,,6.45929803144958e-05
accumulator,,,,6.45929803144958e-05
glr,,,,6.453528280778979e-05
govenor,,,,6.452182274759905e-05
mirrors,,,,6.449964959026249e-05
motion,,,,6.44309425652925e-05
lones,,,,6.442588348134945e-05
note,,,,6.440901096625145e-05
bowl,,,,6.440815987181624e-05
house,,,,6.438636318550493e-05
siezed,,,,6.437918429850764e-05
contrl,,,,6.432380808391632e-05
midlife,,,,6.427316783829525e-05
mountreplace,,,,6.42294726102e-05
hse,,,,6.422429168574069e-05
errors,,,,6.419405533624617e-05
grate,,,,6.416564380338932e-05
retension,,,,6.414458129055832e-05
lowing,,,,6.413898548552096e-05
detector,,,,6.407915368804477e-05
activating,,,,6.406159506954518e-05
gap,,,,6.40558114047665e-05
jockey,,,,6.392192828215839e-05
seetext,,,,6.392095589585051e-05
video,,,,6.379802058065734e-05
resistor,,,,6.377752597237157e-05
bng,,,,6.375659459298736e-05
r6,,,,6.373067999160887e-05
60177585,,,,6.37071202544821e-05
lodgic,,,,6.362425568810197e-05
snapped,,,,6.362136450781679e-05
loss,,,,6.361142967678272e-05
r1,,,,6.352600501980497e-05
inspection,,,,6.35211009459777e-05
compl,,,,6.344646121294281e-05
pannel,,,,6.342788332770913e-05
join,,,,6.342730606212355e-05
induction,,,,6.342730606212355e-05
genuine,,,,6.339521729061447e-05
leaky,,,,6.33454154509737e-05
dam,,,,6.330978152121303e-05
en,,,,6.330266390141283e-05
crabs,,,,6.32975755297628e-05
dz,,,,6.32635010246374e-05
louder,,,,6.325737458014416e-05
stopping,,,,6.325702152394567e-05
scc,,,,6.323166711915875e-05
60017673,,,,6.321264232662774e-05
groun,,,,6.311347310567981e-05
vave,,,,6.308442185152711e-05
senser,,,,6.305111034824447e-05
cambuss,,,,6.287562422789821e-05
elc,,,,6.273527517740219e-05
fixing,,,,6.270228106030564e-05
master,,,,6.255672688761064e-05
deadman,,,,6.252822194996349e-05
disconnected,,,,6.252822194996349e-05
fitteing,,,,6.244921136779448e-05
bank,,,,6.240316657724509e-05
big,,,,6.240316657724509e-05
shd0024compl,,,,6.238015828329498e-05
mth,,,,6.228287894119196e-05
pa,,,,6.227628071151783e-05
changing,,,,6.225178673497607e-05
lp,,,,6.222586235945966e-05
mn,,,,6.222128905935305e-05
clip,,,,6.221276125863445e-05
minor,,,,6.216573279882666e-05
4hp,,,,6.215670164979287e-05
play,,,,6.21299136859512e-05
nipples,,,,6.212487493883314e-05
tention,,,,6.209974951288947e-05
pos1,,,,6.207455606612227e-05
10n,,,,6.206780838227315e-05
overheat,,,,6.203991776140056e-05
fitment,,,,6.197931296235691e-05
rplc,,,,6.197455283969393e-05
gears,,,,6.197055843582936e-05
turbos,,,,6.194091476552954e-05
away,,,,6.190285684137051e-05
ireplace,,,,6.188486944760997e-05
dcp,,,,6.188207352090346e-05
indercater,,,,6.187812903993891e-05
k13,,,,6.178949768565984e-05
false,,,,6.176248752247192e-05
inline,,,,6.176216437828824e-05
strainer,,,,6.176216437828824e-05
windsceen,,,,6.17514955141603e-05
deflectors,,,,6.173357749334785e-05
raise,,,,6.171468135228498e-05
fresh,,,,6.171321611922031e-05
stalled,,,,6.170923508758133e-05
weldin,,,,6.16985145720518e-05
reversed,,,,6.158798136544978e-05
suport,,,,6.15852844605731e-05
shorting,,,,6.1466063675148e-05
tacho,,,,6.1466063675148e-05
dickie,,,,6.139108761860613e-05
brive,,,,6.136224975274968e-05
correctly,,,,6.124495851568394e-05
twoway,,,,6.123124314897427e-05
inoperator,,,,6.106394421834223e-05
overhauled,,,,6.104987596483911e-05
worked,,,,6.102852499386923e-05
drian,,,,6.0946974927569904e-05
1653,,,,6.09192580220088e-05
evacuation,,,,6.09184987016237e-05
max,,,,6.082425028121329e-05
worklight,,,,6.0766949132961963e-05
bucke,,,,6.060963565737513e-05
accidient,,,,6.060963565737513e-05
reorder,,,,6.0587018698683926e-05
1main,,,,6.054782325179924e-05
serv,,,,6.0534289283029e-05
sup,,,,6.0534289283029e-05
fr,,,,6.053261738818839e-05
dcv,,,,6.0496343054948704e-05
shd023,,,,6.048292127947979e-05
shd026,,,,6.048292127947979e-05
3main,,,,6.0468609830830966e-05
miguel,,,,6.0441465346669353e-05
cri,,,,6.027748864188403e-05
nodule,,,,6.0251824106126917e-05
super,,,,6.023792554665874e-05
pully,,,,6.0236785403845344e-05
transfer,,,,6.012461858979296e-05
usage,,,,6.006352572706425e-05
excess,,,,6.006352572706425e-05
runs,,,,5.996844757176391e-05
traction,,,,5.99456161285436e-05
plea,,,,5.989790975062252e-05
syt,,,,5.989040421186503e-05
fail,,,,5.985568692637941e-05
nuts,,,,5.98108201509781e-05
extended,,,,5.978642225059489e-05
trip,,,,5.9755015678309e-05
flying,,,,5.973081190159715e-05
wieght,,,,5.96910515135168e-05
redirect,,,,5.969093463121709e-05
solid,,,,5.965820834577199e-05
readin,,,,5.956552538669472e-05
actuator,,,,5.950450366511618e-05
flap,,,,5.950450366511618e-05
tensions,,,,5.9483858690086795e-05
requiring,,,,5.942963233982446e-05
tight,,,,5.936079940096193e-05
surface,,,,5.934883383590529e-05
hlink,,,,5.934463061036185e-05
long,,,,5.9326967723827634e-05
life,,,,5.9326967723827634e-05
scews,,,,5.932609920442147e-05
doesnt,,,,5.931650211089924e-05
hit,,,,5.9303202924864464e-05
roc,,,,5.9303202924864464e-05
sockets,,,,5.924524304909813e-05
suspention,,,,5.924524304909813e-05
nozzle,,,,5.922738227507832e-05
continous,,,,5.9177148482480705e-05
position,,,,5.916155010426826e-05
cambus,,,,5.9143470142259575e-05
moter,,,,5.908759192293524e-05
srvo,,,,5.90501572968706e-05
hanging,,,,5.8979464917951724e-05
white,,,,5.8952707967131473e-05
hos,,,,5.8943852874588717e-05
r7,,,,5.8922287984022076e-05
anchor,,,,5.8883379055138e-05
engin,,,,5.885606228154963e-05
therno,,,,5.880749641956804e-05
recovery,,,,5.8755062488492424e-05
securing,,,,5.874720799943338e-05
feed,,,,5.868538202538784e-05
ppc,,,,5.860456350410758e-05
rattles,,,,5.849362419541317e-05
fuse,,,,5.848855441647326e-05
proofing,,,,5.846397963472142e-05
sound,,,,5.846397963472142e-05
comms,,,,5.846272856089604e-05
issue,,,,5.844937683678152e-05
reoccurs,,,,5.844937683678152e-05
monitor,,,,5.8448502949238463e-05
pressures,,,,5.8448502949238463e-05
2765827,,,,5.8335301021882574e-05
cluster,,,,5.821512973665818e-05
globes,,,,5.821512973665818e-05
lenght,,,,5.8140383326463015e-05
1740764,,,,5.8100004011907224e-05
mp,,,,5.809796259842933e-05
mat,,,,5.803153889666444e-05
combustion,,,,5.799538874141464e-05
ejector,,,,5.79949004077757e-05
26182336,,,,5.795402564355788e-05
forma,,,,5.792703223287862e-05
bogged,,,,5.785565316779717e-05
tex,,,,5.784973932594073e-05
tri,,,,5.783432220861651e-05
common,,,,5.7805617624652484e-05
hid,,,,5.779305621391777e-05
24v,,,,5.779305621391777e-05
6mth,,,,5.778745229812684e-05
precharging,,,,5.778666133577659e-05
activation,,,,5.778666133577659e-05
swkt1,,,,5.7661261008680254e-05
estop,,,,5.7623676910814375e-05
rabbit,,,,5.7528627333319036e-05
statutory,,,,5.7511261796219955e-05
windscreane,,,,5.750053192021014e-05
receptacle,,,,5.7498135329081584e-05
instalation,,,,5.7464240615933113e-05
decalls,,,,5.7425694253368315e-05
inactive,,,,5.740716074173978e-05
instate,,,,5.740716074173978e-05
interna,,,,5.73885584678001e-05
backwards,,,,5.7383340425662644e-05
turns,,,,5.7383340425662644e-05
1000,,,,5.734782577824273e-05
hr,,,,5.734782577824273e-05
numerous,,,,5.7338997307334724e-05
distributionblocks,,,,5.7338997307334724e-05
priming,,,,5.730299267049901e-05
signs,,,,5.7257988403026686e-05
single,,,,5.717480958544809e-05
hex,,,,5.717480958544809e-05
drink,,,,5.7146742251779643e-05
cup,,,,5.7146742251779643e-05
rubing,,,,5.711773742819336e-05
displayed,,,,5.7101973945695564e-05
steptreads,,,,5.7065749917140494e-05
wh,,,,5.7051886675280405e-05
nu,,,,5.704557889471424e-05
ove,,,,5.698479283852965e-05
swapped,,,,5.698479283852965e-05
teltale,,,,5.6785793184713385e-05
compart,,,,5.677515221970248e-05
ran,,,,5.676501167505573e-05
tem,,,,5.676501167505573e-05
reception,,,,5.6764913565024974e-05
poor,,,,5.6764913565024974e-05
attached,,,,5.667461453225558e-05
list,,,,5.667461453225558e-05
westhills,,,,5.667033370538401e-05
haul,,,,5.667033370538401e-05
restarts,,,,5.661064756070529e-05
imedia,,,,5.661064756070529e-05
bothe,,,,5.6583975478493144e-05
lubricate,,,,5.6583975478493144e-05
coil,,,,5.655141299631239e-05
llsv,,,,5.655141299631239e-05
idling,,,,5.636859697078724e-05
dramas,,,,5.6360433468014645e-05
4792,,,,5.6354222405573345e-05
y15,,,,5.6281787987690444e-05
solnoid,,,,5.6281787987690444e-05
responding,,,,5.626800354226842e-05
100,,,,5.626800354226842e-05
time,,,,5.6247020065417215e-05
stat,,,,5.613471080437823e-05
2262,,,,5.610726540020644e-05
code,,,,5.610726540020644e-05
oilcooler,,,,5.6099088425454194e-05
prople,,,,5.604260509595403e-05
tale,,,,5.601896986085376e-05
tell,,,,5.601896986085376e-05
burning,,,,5.601849120854632e-05
lace,,,,5.6003731626996656e-05
rep,,,,5.6003731626996656e-05
sti,,,,5.595239139943664e-05
lifting,,,,5.58752492134964e-05
losing,,,,5.58752492134964e-05
removal,,,,5.58752492134964e-05
50,,,,5.58752492134964e-05
rattling,,,,5.5872202361557425e-05
flakes,,,,5.585964898980689e-05
prox,,,,5.5764432702491096e-05
overru,,,,5.5674174778912855e-05
slewin,,,,5.5607756220617374e-05
machin,,,,5.5607756220617374e-05
bays,,,,5.5566262126437644e-05
halfway,,,,5.5565007333828736e-05
35,,,,5.548424254478317e-05
suppressent,,,,5.547853545916516e-05
isolation,,,,5.547853545916516e-05
identifications,,,,5.547853545916516e-05
prea,,,,5.547853545916516e-05
sun,,,,5.5265270863302796e-05
fas,,,,5.5254351268777835e-05
lhi,,,,5.523621688137709e-05
sw,,,,5.517004301710903e-05
nut,,,,5.512200754316686e-05
rebuilt,,,,5.510814438095979e-05
rh120lhs,,,,5.510814438095979e-05
cranage,,,,5.508583880412542e-05
scaffold,,,,5.508583880412542e-05
facilities,,,,5.5079759612525576e-05
sink,,,,5.5079759612525576e-05
broke,,,,5.49809247290035e-05
vavle,,,,5.497612429024994e-05
deflection,,,,5.496825559074207e-05
spection,,,,5.496825559074207e-05
fot,,,,5.4927449303538735e-05
drilled,,,,5.485394335207616e-05
cloudy,,,,5.477055669647069e-05
caracked,,,,5.4706003938118584e-05
rewel,,,,5.4706003938118584e-05
connections,,,,5.468446391906726e-05
x125,,,,5.468446391906726e-05
x150,,,,5.468446391906726e-05
weak,,,,5.4680618380146735e-05
force,,,,5.4680618380146735e-05
breakout,,,,5.4680618380146735e-05
clarion,,,,5.465805354131867e-05
book,,,,5.460270157399102e-05
25,,,,5.4594523869942515e-05
pulldown,,,,5.457122330696613e-05
burner,,,,5.45279225313626e-05
wnty,,,,5.4515609683907786e-05
9002,,,,5.44380273439521e-05
cuts,,,,5.4407101480338004e-05
12v,,,,5.4407101480338004e-05
glowinh,,,,5.438612436419362e-05
bottles,,,,5.4244882180602634e-05
follower,,,,5.402873652401463e-05
40l,,,,5.390527328219342e-05
overhauls,,,,5.3889254314709874e-05
rust,,,,5.3889254314709874e-05
sprockets,,,,5.387142848846101e-05
manual,,,,5.3807146714500285e-05
gone,,,,5.3796175149668746e-05
accesses,,,,5.3580066347045315e-05
carriag,,,,5.35585907902247e-05
ccade,,,,5.341692880741322e-05
repiar,,,,5.340168013749469e-05
enweld,,,,5.340168013749469e-05
transport,,,,5.3333107179758117e-05
flushing,,,,5.315369147153707e-05
und,,,,5.315369147153707e-05
pedals,,,,5.308248622203685e-05
whilst,,,,5.2951677675960136e-05
computers,,,,5.284471977524575e-05
drier,,,,5.2669886453119506e-05
place,,,,5.2667181227971116e-05
absorbent,,,,5.2667181227971116e-05
emer,,,,5.263489382740242e-05
tightened,,,,5.2461776820826386e-05
rih,,,,5.236972004307822e-05
cb,,,,5.230417171721626e-05
strip,,,,5.190084435047154e-05
pac,,,,5.190084435047154e-05
franna,,,,5.185245051294147e-05
buckets,,,,5.185245051294147e-05
walkways,,,,5.1586790813941455e-05
seetex,,,,5.1546607685257404e-05
gauze,,,,5.1546607685257404e-05
02,,,,5.1424405445637744e-05
repla,,,,5.139979146253003e-05
svce,,,,5.1214863336268314e-05
500h,,,,5.1214863336268314e-05
spall,,,,5.120274704390381e-05
shield,,,,5.120274704390381e-05
bump,,,,5.1119229013169834e-05
underneath,,,,5.1119229013169834e-05
brushes,,,,5.0125004766120026e-05
ser,,,,5.0125004766120026e-05
350,,,,5.0097330998022324e-05
lhf,,,,4.995573716508463e-05
isolate,,,,4.987437039578431e-05
does,,,,4.987437039578431e-05
28167481,,,,4.9760385627389285e-05
2009,,,,4.967545136023455e-05
site,,,,4.967545136023455e-05
november,,,,4.967545136023455e-05
rhi,,,,4.96209272669418e-05
identif,,,,4.954238931065859e-05
fromlh,,,,4.950335424991345e-05
spilling,,,,4.950335424991345e-05
man,,,,4.9393234561265145e-05
safe,,,,4.9393234561265145e-05
stic,,,,4.931450435670973e-05
eye,,,,4.931450435670973e-05
flickers,,,,4.9311886622032414e-05
caught,,,,4.919255748240208e-05
straps,,,,4.919255748240208e-05
spotting,,,,4.919255748240208e-05
inspections,,,,4.9044156938567014e-05
allen,,,,4.9044156938567014e-05
socket,,,,4.9044156938567014e-05
000hr,,,,4.880967755222511e-05
pas,,,,4.849522286658932e-05
prop,,,,4.8488650244712466e-05
connectors,,,,4.8488650244712466e-05
th,,,,4.8463919869547693e-05
shit,,,,4.8463919869547693e-05
sthn,,,,4.841201536979698e-05
grt,,,,4.841201536979698e-05
showing,,,,4.832992801379215e-05
different,,,,4.832992801379215e-05
radiators,,,,4.832992801379215e-05
temperatures,,,,4.832992801379215e-05
pgxl,,,,4.798136067700176e-05
drums,,,,4.798136067700176e-05
9720,,,,4.785659422641274e-05
model,,,,4.785659422641274e-05
openings,,,,4.7432827249448985e-05
hatch,,,,4.7432827249448985e-05
frayed,,,,4.726160568841177e-05
ma,,,,4.726160568841177e-05
oct,,,,4.717981300447709e-05
pend,,,,4.716106473410391e-05
27,,,,4.697462049474902e-05
cowling,,,,4.678783075884664e-05
sounds,,,,4.678783075884664e-05
hitting,,,,4.678783075884664e-05
like,,,,4.678783075884664e-05
recover,,,,4.671371508619368e-05
cc1500,,,,4.671371508619368e-05
swapp,,,,4.607344115243364e-05
bucyrus,,,,4.607344115243364e-05
shd7,,,,4.607344115243364e-05
kit,,,,4.545669535823358e-05
version,,,,4.545669535823358e-05
fitup,,,,4.440990358386222e-05
2xfitter1xboilyshd24,,,,4.4319906901036575e-05
14,,,,4.4319906901036575e-05
invoice,,,,4.430714231817901e-05
2321,,,,4.430714231817901e-05
probs,,,,4.428147020948276e-05
1fiter,,,,4.3362174722006803e-05
just,,,,4.2869859124040625e-05
foam,,,,4.2869859124040625e-05
restick,,,,4.2869859124040625e-05
fitt,,,,4.282232696153194e-05
1fitter,,,,4.1349376497290606e-05
36,,,,4.0041640132184935e-05
exd,,,,4.0041640132184935e-05
