21.0,59
720.0,11
222.0,32
331.0,25
194.3,2
224.0,27
795.0,4
284.0,18
57.4,8
83.7,6
952.0,6
37.1,22
94.0,25
386.0,18
61.6,7
122.8,4
185.6,3
429.0,12
53.0,40
269.0,21
42.7,14
26.9,21
48.7,12
17.3,32
8.8,73
18.3,51
11.5,78
6.2,111
9.1,69
6.9,90
11.6,59
3.78,6
10.1,75
53.9,6
19.9,34
49.0,32
77.1,3
44.2,13
119.5,6
70.9,11
93.4,6
186.9,1
23.3,28
106.4,1
1374.0,4
137.5,6
1800.0,21
950.0,9
2200.0,21
1530.0,4
3.12,9
21100.0,1
107000.0,3
2910.0,8
1.2,139
4500.0,19
1914.0,2
6700.0,6
228.0,18
145.0,33
1020.0,3
115.0,26
561.0,5
542.0,10
205.0,43
127.0,15
276.0,20
3800.0,6
98.0,46
490.0,15
307.0,23
111.0,25
446.0,14
207.0,27
581.0,9
708.0,4
2140.0,10
192.0,20
118.0,21
1464.0,1
920.0,5
88.0,19
206.0,31
3130.0,8
123.0,20
2020.0,16
495.0,15
93.0,25
184.0,30
36.0,41
112.0,31
385.0,15
962.0,1
225.0,34
146.0,26
134.0,21
246.0,27
120.0,47
195.0,18
294.0,20
1066.0,4
1440.0,7
82.9,9
1394.0,1
905.0,6
58.0,38
1937.0,1
2050.0,8
1338.0,4
129.0,20
277.0,19
281.0,28
226.0,26
105.0,32
283.0,15
716.0,8
854.0,4
1539.0,3
517.0,2
383.0,13
1805.0,1
941.0,2
138.0,16
1379.0,4
162.0,20
2010.0,14
384.0,9
1453.0,5
183.0,10
2540.0,6
387.0,17
574.0,6
110.0,46
208.0,30
690.0,8
6300.0,1
293.0,12
173.0,17
163.0,14
200.0,40
682.0,8
290.0,23
3490.0,5
244.0,20
420.0,19
82.0,22
104.0,27
572.0,10
63.0,27
5500.0,12
313.0,14
140.0,31
452.0,16
346.0,11
665.0,10
992.0,8
392.0,21
1390.0,4
828.0,8
236.0,38
107.0,26
987.0,2
216.0,22
43.0,45
287.0,29
345.0,21
178.0,15
752.0,5
121.0,17
861.0,3
427.0,5
235.0,37
3380.0,3
280.0,36
699.0,8
400.0,27
171.0,19
1621.0,1
362.0,25
1161.0,2
124.0,32
324.0,20
106.0,20
143.0,18
91.0,11
417.0,11
186.0,11
869.0,3
157.0,17
394.0,17
251.0,22
218.0,31
211.0,26
95.0,31
240.0,48
1072.0,3
422.0,12
433.0,9
604.0,11
1281.0,2
125.0,24
84.0,17
2480.0,15
559.0,8
766.0,5
262.0,21
153.0,14
320.0,27
721.0,5
488.0,9
103.0,19
245.0,22
166.0,20
114.0,41
311.0,9
109.0,16
315.0,20
234.0,35
252.0,32
4440.0,3
188.0,19
219.0,18
361.0,21
233.0,30
29.0,41
267.0,15
215.0,40
1301.0,1
55.0,33
389.0,18
292.0,25
64.0,31
746.0,2
1229.0,2
510.0,10
475.0,15
1009.0,4
1340.0,2
526.0,7
612.0,10
174.0,18
2610.0,3
117.0,20
812.0,5
334.0,16
1398.0,2
85.0,31
255.0,37
221.0,18
78.0,40
2290.0,7
325.0,10
69.0,27
725.0,9
242.0,25
621.0,11
461.0,12
81.0,23
673.0,1
160.0,40
342.0,12
86.0,28
318.0,6
75.0,20
923.0,2
60.0,46
402.0,11
99.0,17
382.0,18
202.0,28
47.0,28
212.0,40
177.0,19
73.0,28
92.0,16
438.0,14
243.0,30
83.0,24
518.0,7
229.0,25
764.0,5
298.0,19
237.0,32
2110.0,7
203.0,26
41.0,29
72.0,35
96.0,30
165.0,17
67.0,30
187.0,13
407.0,9
59.0,22
76.0,41
213.0,41
261.0,17
432.0,15
198.0,13
457.0,8
217.0,17
2000.0,49
180.0,23
270.0,26
369.0,14
520.0,10
74.0,24
185.0,19
169.0,11
364.0,14
506.0,6
126.0,30
878.0,3
2390.0,5
167.0,20
25.0,37
32.0,44
139.0,8
745.0,7
180.1,4
30000.0,17
750.0,16
489.0,7
19400.0,3
360.0,19
378.0,12
173.2,4
132.0,30
1276.0,2
410.0,30
546.0,4
1165.0,4
8750.0,1
128.0,28
873.0,4
11940.0,1
161.0,14
62.0,52
70.0,40
68.0,55
390.0,15
656.0,6
1456.0,7
122.0,14
9610.0,1
238.0,25
1320.0,4
14760.0,1
849.0,5
101.0,15
397.0,11
578.0,8
388.0,16
148.0,26
97.0,28
89.0,23
9.0,86
16000.0,18
780.0,7
3050.0,6
75000.0,3
3960.0,4
217700.0,1
3250.0,6
1.0,98
259.0,20
5700.0,7
2030.0,7
1000.0,49
4240.0,9
180000.0,2
1917.0,1
926.0,7
1113.0,4
2730.0,7
22600.0,1
582000.0,1
910.0,7
43000.0,8
100000.0,25
49000.0,3
1620.0,6
630.0,11
260.0,27
896.0,2
809.0,8
1137.0,6
859.0,4
435.0,6
79.0,23
1446.0,1
367.0,19
347.0,20
1106.0,3
52600.0,1
956.0,3
80650.0,1
17200.0,3
50000.0,20
779.0,4
1760.0,3
1050.0,20
4000.0,41
2400.0,21
3000.0,27
13.3,34
365.0,15
1350.0,6
897.0,8
6270.0,2
1038.0,2
548.0,9
7.6,58
3.92,6
65.6,7
15.2,39
176.4,2
4.67,5
38.8,13
3.91,5
41.5,16
81.4,11
115.4,7
763.0,6
1861.0,4
1043.0,1
1074.0,5
39.8,13
41540.0,1
8060.0,1
403.0,17
1319.0,2
855.0,9
2940.0,4
1866.0,1
105.3,6
97.7,4
363.0,14
913.0,7
50.7,15
592.0,2
12830.0,1
2080.0,10
150.1,6
165.4,3
2630.0,7
3150.0,12
691.0,5
273.0,14
141.5,2
1228.0,3
16.4,32
1.56,17
356.0,16
3410.0,3
1412.0,4
112.8,7
4690.0,1
55.5,8
45.5,20
35.3,12
1331.0,3
440.0,14
890.0,8
3160.0,2
700.0,13
1.7,107
1.1,124
6000.0,39
13600.0,10
37500.0,2
170.0,28
967.0,2
41.7,12
12.2,53
36.4,15
17.4,40
91.4,5
19.4,50
8.1,69
7.2,93
2.6,89
93.1,8
316.0,20
129.2,2
23.4,32
10.3,56
37.8,17
77.7,6
26.8,24
9.3,61
33.3,16
17.7,37
44.7,11
49.7,15
38.0,37
23.5,29
23.1,33
101.6,4
24.8,21
18.9,36
103.2,4
67.6,16
97.2,4
341.0,18
404.0,13
625.0,6
37600.0,1
15400.0,5
12280.0,1
11000.0,13
66.5,12
3200.0,22
908.0,5
9250.0,2
228000.0,1
1280.0,10
4100.0,9
20000.0,25
58400.0,1
30.5,22
28.0,46
1054.0,3
20.4,36
128.1,5
119.2,7
61.7,7
6.0,91
28.6,20
1.08,18
24.3,33
0.5,124
71.6,8
15.5,43
122.3,2
104.3,7
31.3,21
14.2,50
18.1,37
25.5,25
30.2,30
444.0,20
60.3,8
24.0,44
107.6,3
29.1,21
48.1,7
2530.0,5
399.0,13
35.1,22
9.2,83
13.5,49
47.2,21
39.3,16
28.3,23
61.2,11
40.7,16
48.5,18
18.4,36
4.2,88
110.9,4
23.9,27
2.4,119
142.0,18
110.8,5
25.8,21
178.4,1
139.9,5
5.1,110
14.1,53
44.6,5
5.9,90
19.7,38
28.2,18
12.1,54
4.3,70
10.8,57
5.0,92
0.2,41
0.3,70
0.6,108
20.0,68
3.5,79
7.3,76
1569.0,3
322.0,10
814.0,7
230.0,41
285.0,16
272.0,19
395.0,20
1.3,165
3.1,111
4.1,77
3.7,62
2.9,87
42.4,11
5.4,82
77.8,9
0.1,17
2.7,98
16.0,59
96.2,6
10.4,66
20.7,45
6.5,86
2.5,104
86.5,5
6.3,94
77.9,11
4.8,73
1.6,120
32.9,18
2.3,84
6.1,105
9.7,63
16.5,41
52.8,7
63.2,7
16.8,34
1.4,134
62.9,12
29.2,18
33.6,23
76.9,10
16.9,37
12.4,56
53.6,13
45.9,15
95.8,7
0.8,117
78.2,5
4.9,83
49.2,8
6.4,96
3020.0,7
639.0,5
1786.0,1
51.8,10
2.1,119
0.7,121
22.3,28
38.4,7
1519.0,1
1931.0,1
7550.0,4
3090.0,7
9000.0,12
12000.0,33
706.0,6
302.0,14
336.0,16
303.0,17
138.2,7
159.9,2
49.4,13
264.0,21
149.7,1
79.8,5
81.7,4
93.2,4
191.1,2
35.7,17
12.5,62
194.4,2
4.6,82
8.0,97
736.0,7
119.8,4
7.9,70
60.4,6
44.1,10
3.2,96
2.8,91
3.0,110
12.3,62
32.8,12
28.7,18
51.3,13
147.4,6
11.4,63
1.5,110
4.4,72
12.6,63
29.4,23
34.3,21
10.5,53
5.2,111
6900.0,7
368.0,15
857.0,2
339.0,9
676.0,6
958.0,6
760.0,8
1889.0,1
1642.0,1
391.0,10
1114.0,3
1136.0,2
3950.0,4
798.0,7
631.0,3
758.0,4
789.0,3
557.0,6
332.0,18
554.0,13
304.0,18
214.0,25
113.5,4
150.3,3
110.3,9
201.0,31
94.7,6
134.1,7
319.0,17
131.5,4
145.8,3
119.9,3
194.5,5
56.2,9
71.8,8
113.7,7
33.8,12
141.4,6
96.6,7
114.5,10
76.4,11
41.2,8
83.8,8
37.6,23
45.1,13
107.9,3
157.8,1
70.5,4
113.4,5
83.5,10
145.4,2
20.2,48
157.1,1
164.0,22
130.3,3
78.5,7
74.3,6
19.2,37
33.2,17
54.2,16
168.4,1
12.0,92
112.4,3
87.6,5
113.9,3
27.8,27
88.6,9
53.7,5
100.8,9
42.3,12
134.9,7
101.4,7
39.0,38
150.7,5
98.4,9
39.2,13
36.6,24
32.2,31
35.4,21
0.4,81
46.5,10
47.4,12
42.1,13
19.6,36
25.9,22
8.7,76
14.0,70
9.4,62
3.9,68
10.2,55
8.2,73
27.1,18
8.5,72
87.5,11
24.4,19
25.2,25
15.1,47
4.5,65
20.9,33
5.5,98
7.1,86
6.7,87
33.0,38
9.8,64
8.4,81
9.9,60
10.6,80
27.6,25
42.6,14
13.6,55
32.3,20
7.5,93
1.9,94
14.7,40
16.7,37
48.9,11
33.5,19
1.8,110
49.6,10
10.0,65
2.0,97
11.3,56
18.8,45
14.6,42
15.3,45
137.6,3
50.1,18
32.1,21
46.6,11
10.7,53
130.4,3
2360.0,7
633.0,11
744.0,4
647.0,5
439.0,10
713.0,6
817.0,8
370.0,19
326.0,19
620.0,13
424.0,20
250.0,36
344.0,14
232.0,15
141.2,3
124.9,2
140.2,4
95.7,2
168.0,18
127.9,8
104.8,2
148.9,4
0.9,104
55.3,7
5.8,82
167.3,2
12.7,43
3.6,89
12.9,52
18.7,37
15.6,33
3.3,87
78.3,4
83.1,10
92.9,4
11.9,64
31.1,23
25.6,31
32.5,22
61.4,21
6.8,92
57.7,10
86.9,5
98.9,4
22.2,29
23.0,59
39.9,13
21.9,34
48.0,39
20.6,38
63.5,16
16.1,32
127.4,3
99.7,3
34.2,23
49.3,16
90.6,5
75.3,4
18.0,46
26.0,39
50.8,11
17.9,31
45.6,12
39.7,16
13.0,58
13.9,58
18.5,38
20.1,31
11.0,54
411.0,12
309.0,23
265.0,34
104.5,9
12.8,53
7.8,79
8000.0,17
21.5,33
77.3,8
27.2,21
51.6,15
415.0,11
358.0,10
282.0,22
156.0,22
153.5,3
152.0,20
102.5,3
89.3,8
84.1,7
73.7,6
70.4,5
67.1,15
51.0,32
44.0,41
37.9,15
37.2,19
31.6,20
29.9,20
28.5,22
27.4,16
27.3,20
26.7,30
26.6,20
26.4,23
24.9,33
24.6,26
22.6,29
21.1,22
19.3,34
7.0,93
18.2,42
17.8,32
17.5,34
16.6,41
15.0,66
13.8,46
13.4,55
13.2,44
10.9,56
11.1,66
8.3,78
8.6,66
7.4,75
5.7,76
4.68,4
4.75,6
2.76,8
2.44,11
2.12,10
36.3,16
274.0,24
38.6,21
210.0,40
5840.0,2
54.8,12
196.5,2
8.9,78
90.2,7
5.6,82
25.3,32
22.9,26
9.6,72
14.3,48
26.2,16
20.3,36
343.0,18
190.3,1
83.3,9
60.1,9
33.4,11
103.4,6
13.7,37
36.1,15
454.0,15
20150.0,1
1510.0,3
10500.0,9
305.0,28
1425.0,5
1150.0,8
407000.0,1
2230.0,9
483.0,13
99.3,5
296.0,22
180.2,3
59.8,11
21.4,23
0.53,11
1.67,6
2.33,8
20.5,32
14.9,40
84.2,5
112.2,4
13.1,51
3.03,7
64.4,5
2.65,7
4.09,7
0.27,8
24.1,26
1.14,12
30.7,20
51.2,12
9.5,57
45.0,43
6.6,103
4.47,5
1.36,13
4.98,6
3.8,105
4.13,6
3.44,8
4.71,7
52.3,10
21.7,25
44.5,11
154.4,2
20.8,30
4.48,4
3.46,3
3.77,1
19.1,22
3.23,10
65.9,8
78.6,7
11.2,50
58.3,9
88.3,4
17.0,50
38.1,24
138.8,5
611.0,7
24.7,24
23.8,22
32.4,27
55.4,9
190.8,3
1135.0,3
288.0,26
127.6,3
122.4,3
52.2,14
642.0,2
845.0,6
4.7,73
3.13,8
4.36,7
1733.0,3
31.8,16
820.0,5
1470.0,10
413.0,11
637.0,4
69.1,5
125.4,6
787.0,4
5880.0,4
15320.0,3
2470.0,9
9270.0,1
6490.0,1
4090.0,2
19.0,48
25.1,23
144.1,2
56.5,10
39.5,10
41.6,12
44.3,19
96.1,6
504.0,6
10560.0,1
68.8,7
23.6,26
765.0,3
1996.0,1
597.0,4
412.0,12
862.0,2
1669.0,2
108.4,5
103.5,3
1045.0,5
589.0,4
610.0,9
674.0,7
492.0,14
142.7,2
174.5,5
3230.0,1
1231.0,1
4130.0,2
10510.0,1
376.0,19
271.0,14
1880.0,3
2190.0,5
3780.0,3
199.6,1
109.7,4
1351.0,2
141.3,5
963.0,6
54.9,7
650.0,12
6440.0,4
181.3,2
84.5,5
124.8,2
35.9,11
4.84,3
34.9,10
2.55,9
30.3,19
17.1,34
3.15,5
2.68,5
2.08,8
2.35,5
1.03,9
299.0,17
117.5,6
680.0,18
164.1,4
190.6,3
97.3,7
179.0,11
14.4,41
1.64,5
76.7,3
3.19,6
2.98,10
14280.0,1
2.54,3
16.3,38
2.62,11
4.0,74
2.2,93
84.9,7
121.2,3
337.0,17
590.0,13
672.0,5
942.0,7
465.0,5
198.4,5
172.5,5
160.7,4
126.8,2
2490.0,10
808.0,5
848.0,2
127.8,5
102.6,6
30.4,13
27.7,27
607.0,8
154.7,1
128.3,3
59.9,7
458.0,13
130.8,5
31.5,20
2.23,4
34.4,18
30.6,18
3.32,5
23.2,24
15.8,44
151.7,3
11.8,58
63.4,6
22.5,25
19.8,33
3.67,1
22.7,28
24.5,20
7.7,81
2.96,9
3.87,3
2.52,8
0.52,23
4.73,1
2.87,7
1312.0,3
2790.0,6
3.35,6
2.72,8
223.0,24
142.3,6
75.7,9
191.9,3
1146.0,1
310.0,18
120.7,2
31.4,19
68.1,8
21.6,24
1208.0,1
133.2,5
14.8,43
108.3,6
62.2,7
89.7,9
36.7,23
54.0,38
27.0,31
86.1,12
8730.0,2
471.0,7
536.0,9
882.0,10
445.0,13
177.8,3
124.5,4
167.6,2
306.0,11
191.2,4
33.7,23
39.1,9
49.8,15
139.2,3
34.5,15
47.5,10
5.3,80
152.8,1
52.9,8
163.5,2
43.8,12
406.0,18
17730.0,1
188.2,2
5490.0,1
3850.0,4
1434.0,1
2240.0,7
1051.0,2
1353.0,1
695.0,7
418.0,11
379.0,16
516.0,9
3840.0,1
80.1,8
1852.0,3
1595.0,3
727.0,1
256.0,27
729.0,3
534.0,4
81.2,10
25.7,26
66.2,8
540.0,9
23.7,35
191.0,16
15.7,35
16.2,43
58.8,14
79.9,5
151.6,6
154.6,3
196.0,15
136.1,2
183.8,3
92.7,6
48.3,11
139.6,3
111.1,2
79.3,5
154.9,3
84.7,2
107.4,4
88.4,4
15.4,49
15.9,38
11.7,55
122.2,6
59.4,7
82.2,6
26.3,29
58.5,12
94.5,3
104.2,6
64.9,4
40.0,44
67.7,4
40.9,6
41.3,18
3.4,84
158.0,16
124.1,2
42.8,7
27.9,20
77.6,6
105.1,3
56.9,9
32000.0,4
1407.0,1
6570.0,4
3180.0,7
21500.0,2
17500.0,4
239.0,19
6400.0,12
4530.0,2
8500.0,3
2700.0,20
600.0,11
17900.0,2
14800.0,1
1500.0,39
6500.0,5
2500.0,30
13500.0,3
167.9,2
1108.0,1
3900.0,7
11200.0,4
754.0,6
41800.0,3
58000.0,2
25000.0,23
38000.0,5
85000.0,6
15000.0,19
54600.0,1
56.0,42
31.0,35
19080.0,1
4460.0,2
132000.0,3
810.0,12
986.0,8
5070.0,2
114.3,4
136.7,4
7250.0,5
95.6,9
165.5,3
116.0,25
340.0,25
248.0,21
333.0,17
568.0,6
1953.0,2
1029.0,2
1025.0,8
2210.0,8
683000.0,1
30.1,16
8940.0,1
18100.0,1
9200.0,4
5300.0,8
31100.0,1
7450.0,2
20810.0,1
9500.0,3
1300.0,20
800.0,30
27000.0,11
55400.0,2
14570.0,1
11950.0,1
2900.0,14
15750.0,1
335.0,16
4400.0,12
46.4,8
566.0,15
1.76,21
2070.0,7
35.0,34
53.5,12
5440.0,2
19060.0,1
85.9,7
91.7,4
35.6,17
29.6,16
847.0,1
71.9,5
53.3,11
69.6,8
86.7,7
254.0,31
35.2,18
312.0,14
74.9,3
351.0,12
61.5,13
156.8,6
66.9,7
98.3,2
29.7,18
29.5,13
94.6,2
118.7,9
119.3,5
142.5,3
148.2,2
106.5,7
49.1,8
58.6,10
569.0,9
247.0,32
50.2,7
286.0,20
43.6,12
93.8,5
32.7,19
72.8,7
133.0,12
60.7,7
31.9,21
30.0,54
57.3,7
54.4,11
67.4,4
87.4,3
73.1,8
168.1,2
449.0,2
138.7,3
33.9,17
37.7,12
43.2,11
73.4,7
54.1,7
162.9,2
63.3,6
97.1,5
134.2,6
93.5,9
451.0,11
570.0,13
151.9,3
619.0,8
181.2,1
46000.0,2
21.3,36
120.6,3
770.0,5
5710.0,1
176.0,25
88.2,7
34.7,20
52.6,12
123.4,8
61.3,8
47.1,11
46.8,13
17.6,33
6060.0,1
189.4,2
32.6,15
172.2,1
651.0,1
114.9,2
65.4,14
169.3,1
150.8,2
88.9,9
544.0,6
467.0,8
914.0,5
187.2,1
638.0,1
38.7,17
2640.0,5
525.0,10
1103.0,3
127.5,3
515.0,9
73.8,7
132.1,2
1269.0,4
43.3,17
100.6,4
57.5,9
24.2,23
79.2,6
62.1,5
190.9,3
497.0,11
74.4,6
35.5,8
99.6,6
48.6,14
59.5,10
47.3,14
149.2,4
107.8,6
88.7,3
154.2,4
36.5,11
99.4,4
40.1,10
53.1,10
66.0,31
21.2,25
34.6,13
83.4,4
128.9,7
38.3,14
113.0,24
28.8,11
328.0,12
59.6,5
111.9,1
1909.0,1
41.4,18
113.2,6
442.0,13
40.8,12
22.1,25
29.8,20
37.3,10
74.1,4
62.4,11
90.3,3
80.9,6
69.4,8
68.4,3
155.3,1
54.7,11
47.7,8
1166.0,4
55.2,7
30.8,25
153.8,2
105.2,7
53.4,15
92.5,2
85.6,7
81.9,13
52.7,13
220.0,41
40.6,15
51.5,11
52.0,30
121.7,3
40.4,16
36.8,13
40.5,20
118.3,5
35.8,13
49.9,8
295.0,25
126.7,3
83.2,5
279.0,17
29.3,16
124.3,4
131.6,3
60.9,7
86.6,2
27.5,19
19.5,30
56.8,14
140.7,3
133.8,2
118.6,2
90.7,5
56.7,8
25.4,18
3.34,5
71.7,5
96.7,9
40.2,12
109.6,2
83.9,9
28.1,24
36.9,15
52.1,12
22.0,57
50.5,11
58.9,7
56.1,10
82.5,5
44.8,16
21.8,30
73.6,6
97.8,10
65.1,5
48.8,9
678.0,4
71.0,23
100.5,8
68.3,12
176.8,6
1591.0,2
227.0,17
109.5,5
71.5,4
64.7,7
112.7,2
95.2,6
166.8,1
172.8,3
628.0,6
825.0,6
55.7,5
70.6,5
112.9,8
155.6,3
45.7,10
733.0,3
45.4,9
130.1,7
65.8,4
74.6,9
182.0,30
393.0,15
1244.0,2
91.5,3
78.9,2
144.7,3
627.0,4
3440.0,2
111.5,6
1016.0,8
107.7,4
136.4,4
176.3,4
142.8,1
4190.0,2
1767.0,2
64.8,6
97.6,6
204.0,36
181.9,4
82.6,13
89.6,8
58.7,9
43.5,9
60.6,5
37.5,18
327.0,9
49.5,17
140.1,3
161.9,1
374.0,28
89.9,6
129.1,3
123.9,2
181.8,1
1989.0,2
72.3,9
688.0,14
45.2,13
107.2,3
111.8,2
68.2,2
73.3,10
198.3,2
193.4,1
92.8,5
127.2,6
46.9,16
587.0,3
793.0,5
152.3,1
97.5,12
146.3,3
111.2,5
121.6,1
380.0,21
34.1,22
88.5,6
1321.0,1
198.9,8
102.8,3
124.2,2
57.1,18
70.2,8
582.0,8
71.1,9
74.7,4
88.1,7
133.5,3
712.0,7
156.4,6
60.5,13
97.4,5
87.3,4
129.6,2
161.6,3
96.9,5
61.0,32
67.5,10
22.8,24
123.2,3
30.9,15
46.3,8
28.4,22
82.7,4
179.7,3
31.2,22
134.7,2
173.3,2
726.0,2
1404.0,2
59.1,8
105.4,4
102.1,5
135.2,4
173.5,4
430.0,9
1202.0,4
478.0,13
314.0,26
456.0,8
38.5,14
698.0,10
330.0,19
43.7,20
26.5,20
466.0,13
167.4,7
149.9,3
138.4,4
156.7,2
933.0,6
137.1,3
18.6,34
60.8,12
70.1,5
111.4,3
113.8,10
108.1,4
198.8,1
178.6,1
72.4,5
129.3,7
119.0,19
470.0,11
51.9,14
1.58,18
42.9,7
57.2,7
1896.0,5
110.2,3
162.5,1
68.9,10
837.0,5
741.0,3
94.4,2
126.6,5
86.8,4
1143.0,2
479.0,4
138.1,3
28.9,26
107.3,4
195.6,3
125.9,3
519.0,8
253.0,12
166.5,2
22.4,20
170.5,4
895.0,7
33.1,8
547.0,6
14.5,38
76.5,13
50.9,8
99.8,6
56.6,2
268.0,24
948.0,4
69.9,13
44.9,16
531.0,5
917.0,3
72.5,5
115.5,4
166.6,2
42.5,18
609.0,10
1079.0,3
44.4,7
8120.0,1
881.0,1
965.0,3
769.0,5
821.0,1
45.3,4
794.0,7
154.8,2
182.1,2
641.0,6
297.0,12
1689.0,1
108.6,4
156.6,3
649.0,2
762.0,5
521.0,4
3080.0,3
55.6,5
80.4,7
39.6,13
130.7,2
52.5,13
1024.0,4
118.9,4
171.3,3
1343.0,1
1183.0,2
249.0,12
317.0,11
178.9,2
82.3,5
177.2,3
116.5,5
2570.0,7
148.6,3
2100.0,20
366.0,10
174.6,3
84.8,4
144.4,4
601.0,3
1625.0,2
62.5,3
69.2,7
833.0,9
100.1,1
170.4,2
153.6,3
58.2,11
92.3,7
487.0,13
104.7,3
66.1,7
79.7,6
64.3,9
528.0,12
154.1,1
62.3,6
957.0,5
3330.0,3
1651.0,1
731.0,5
24000.0,5
1070.0,9
2510.0,16
1430.0,4
9280.0,1
90000.0,2
500.0,37
3760.0,3
11450.0,2
462.0,5
5860.0,1
935.0,4
401.0,8
120.3,6
10150.0,2
171.9,5
1071.0,5
144.9,7
152.5,2
852.0,8
1131.0,3
43.4,13
90.0,52
231.0,18
41.9,6
3550.0,9
257.0,18
1115.0,3
1447.0,2
58.1,12
136.9,4
63.6,6
870.0,5
275.0,21
1729.0,2
1171.0,3
100.9,6
65.5,13
89.1,5
101.2,6
189.6,6
1606.0,4
133.6,5
180.9,3
61.9,8
532.0,10
59.3,4
856.0,2
163.8,2
3690.0,5
94.3,7
65.3,5
75.2,7
128.7,4
8270.0,3
1.01,16
1.71,14
2.19,21
1.38,18
1.25,8
4.19,7
2.89,6
3.45,9
2.58,16
2.46,11
1.95,5
2.14,10
1.44,13
1.69,16
1.11,7
1.41,16
1.88,8
1.24,8
1.43,12
0.89,16
1.05,19
1.02,16
0.75,16
0.55,27
0.88,12
0.76,23
0.83,26
0.72,12
0.64,19
0.63,15
0.65,24
0.54,12
0.58,16
0.45,31
0.61,21
0.57,12
0.38,8
0.32,10
0.42,7
0.49,7
146.1,3
4.59,6
3.97,8
2.73,7
2.11,13
1.62,4
1.07,16
1.04,15
1.16,21
0.95,17
0.87,15
0.98,17
0.68,25
0.56,29
0.35,12
0.41,14
0.34,10
1.63,9
1.19,24
4.72,4
0.31,11
1.47,14
2.81,8
2.47,11
2.94,5
45.8,16
170.6,4
53.8,13
289.0,14
131.0,20
4950.0,4
738.0,7
166.2,5
104.4,6
174.1,2
661.0,10
40.3,8
1.78,12
4.02,7
120.8,5
4.14,10
1.66,11
3.53,7
1.68,9
3.42,9
2.91,7
1.48,13
2.13,13
1.75,9
3.18,5
1.46,10
2.84,8
1.13,9
115.6,6
2.93,11
3.63,4
117.4,3
1.17,13
3.72,7
1.59,20
2.79,10
91.1,7
2.88,7
3.08,10
1.06,20
1.12,10
1.51,11
3.29,5
1.45,17
2.42,12
4.95,4
2.53,13
1.94,9
1.79,16
4.58,6
69.7,14
396.0,8
150.2,4
160.1,5
4.23,7
70.7,7
158.8,4
108.5,4
353.0,23
113.3,5
2.71,6
4.46,6
3.96,7
3.85,6
3.64,4
2.21,14
101.9,4
1.82,11
3.88,9
1.18,18
1514.0,3
1132.0,5
129.9,3
2.64,7
2.48,11
48.2,15
2.26,11
1.96,9
0.96,19
91.6,9
2170.0,9
6420.0,3
18070.0,2
94.2,9
1384.0,6
5620.0,5
77.0,18
3630.0,3
76000.0,4
400000.0,3
9330.0,2
1230.0,3
37850.0,2
6200.0,3
0.79,8
2830.0,6
136000.0,4
18000.0,18
48000.0,7
10320.0,2
4120.0,5
3700.0,19
1250.0,15
42200.0,2
41000.0,8
3350.0,4
16700.0,4
11500.0,6
10050.0,2
629.0,5
22000.0,11
9030.0,2
860.0,14
87.0,22
200000.0,12
11100.0,2
8590.0,2
44000.0,7
10400.0,8
29560.0,2
15500.0,5
4300.0,13
81.8,7
124.6,4
709.0,5
21000.0,5
86000.0,3
4620.0,4
1557.0,2
80000.0,6
35000.0,4
3500.0,21
652.0,9
227000.0,2
48500.0,6
25630.0,2
14000.0,15
925.0,4
39000.0,9
11620.0,3
44400.0,2
3.58,5
185.3,4
1234.0,2
4.55,5
4.41,6
3.83,7
98.7,3
959.0,3
416.0,10
33000.0,3
78800.0,2
375.0,22
7900.0,3
25300.0,2
118000.0,3
16380.0,2
1.54,23
19000.0,8
51800.0,2
1771.0,2
89000.0,2
3880.0,4
45000.0,13
17000.0,18
2840.0,5
2250.0,15
9160.0,3
960.0,3
1100.0,22
100.0,44
1047.0,2
1900.0,13
91.9,3
24500.0,5
893.0,6
5400.0,10
10840.0,2
9060.0,3
11300.0,11
7200.0,5
46.0,39
560.0,17
48250.0,2
8600.0,13
1039.0,6
1850.0,4
330000.0,3
705.0,8
2380.0,6
15600.0,5
5100.0,7
30500.0,2
1830.0,4
67.8,9
1400.0,16
3650.0,9
9540.0,2
355.0,24
34.0,39
153300.0,2
7500.0,7
64000.0,2
15900.0,6
2180.0,6
8800.0,10
256000.0,4
59000.0,6
21250.0,2
1593.0,2
888600.0,2
80.8,8
381.0,7
1676.0,2
1342.0,4
7000.0,24
2130.0,17
614.0,7
130.0,34
606.0,7
50.0,61
1395.0,6
1560.0,4
190.0,20
3600.0,25
9100.0,3
8300.0,4
5460.0,2
603.0,6
140.6,3
2270.0,10
500000.0,7
927.0,4
823000.0,2
138300.0,2
7580.0,2
1773.0,3
530.0,11
6800.0,19
34000.0,7
972.0,4
40960.0,2
1550.0,6
1626.0,2
83000.0,3
303000.0,3
13000.0,17
34200.0,2
880.0,8
486.0,7
472.0,9
143.9,3
161.7,4
118.8,4
95.4,7
80.3,5
26.1,21
113600.0,2
9300.0,4
4970.0,2
348.0,10
38750.0,2
28000.0,7
357.0,14
290000.0,4
120000.0,3
24900.0,2
8400.0,6
1825.0,4
68000.0,6
2520.0,17
18400.0,4
1987.0,3
1504.0,4
5000.0,41
1240.0,6
29000.0,5
41400.0,2
23500.0,2
3290.0,7
6180.0,4
1352.0,5
12900.0,4
338.0,10
193.0,14
7280.0,3
40000.0,13
16300.0,7
100.3,6
0.81,20
4.15,7
3.01,8
0.99,9
3.57,4
55.1,7
579.0,8
148000.0,3
23680.0,2
945.0,6
7030.0,2
1520.0,4
2300.0,29
113900.0,2
454000.0,2
2860.0,7
502.0,15
81200.0,2
132700.0,2
31600.0,2
127000.0,2
94000.0,2
723.0,6
5900.0,9
5250.0,2
7300.0,6
37.0,33
667.0,4
1360.0,7
4680.0,6
61.1,9
329.0,13
573.0,6
428.0,13
426.0,11
1018.0,2
3190.0,3
2410.0,13
4990.0,3
1178.0,7
1107.0,2
904.0,3
42.0,35
2220.0,15
135.0,25
291.0,15
300.0,37
3470.0,4
692.0,7
1906.0,2
775.0,5
5360.0,3
436.0,15
3790.0,3
5350.0,2
1465.0,4
1458.0,3
448.0,7
12240.0,2
258.0,28
3010.0,3
65.0,31
13890.0,3
93.6,4
1627.0,3
4510.0,4
196.2,4
1197.0,5
1495.0,7
1411.0,2
126.3,2
1363.0,4
481.0,12
2330.0,3
425.0,14
2780.0,4
943.0,4
982.0,8
968.0,7
1658.0,2
1691.0,2
159.0,11
1061.0,2
687.0,5
1431.0,3
679.0,4
1217.0,2
151.0,16
883.0,5
1573.0,2
1087.0,3
1439.0,4
1803.0,2
41.1,14
41.8,11
1049.0,5
60.2,11
485.0,8
715.0,8
3920.0,6
1492.0,5
26210.0,2
4900.0,2
26000.0,12
509.0,3
6510.0,3
6460.0,2
20600.0,2
3740.0,2
8200.0,9
18300.0,2
6600.0,5
1207.0,2
350.0,19
1810.0,4
27900.0,3
15300.0,6
31500.0,3
1990.0,3
2950.0,10
127800.0,2
5390.0,3
1700.0,16
16500.0,5
104800.0,2
8030.0,2
54000.0,4
5720.0,4
209400.0,2
4050.0,5
8470.0,4
127900.0,2
1802.0,4
16220.0,2
1600.0,17
1964.0,2
377000.0,2
1455.0,5
5140.0,3
115000.0,2
11360.0,3
7700.0,11
141.0,17
283000.0,2
41300.0,2
6530.0,2
2460.0,5
19500.0,4
482.0,15
35900.0,2
104000.0,4
5200.0,6
469.0,9
134000.0,2
12200.0,5
3910.0,7
19670.0,2
19700.0,5
93500.0,2
20350.0,2
105000.0,4
1537.0,3
149.0,16
19280.0,2
5230.0,2
2750.0,9
16800.0,2
116.7,5
54.5,12
5180.0,2
450.0,21
11340.0,2
1328.0,5
960000.0,2
1200.0,25
2160.0,9
35500.0,2
1160.0,3
61000.0,3
5560.0,4
4470.0,6
8700.0,3
1241.0,2
106.7,7
2430.0,6
5220.0,3
1364.0,2
278.0,19
1369.0,3
187.6,2
54.3,10
512.0,8
1460.0,9
27500.0,2
10820.0,2
78.4,8
6320.0,3
4260.0,4
23000.0,7
31.7,16
46500.0,5
10000.0,24
28600.0,3
493.0,9
491.0,9
185.4,4
183.3,3
184.5,2
145.9,2
121.5,8
162.1,3
197.3,2
152.6,4
116.6,4
117.6,5
1790.0,2
1511.0,4
1311.0,3
1715.0,6
1006.0,6
1858.0,2
321.0,17
6190.0,3
19200.0,2
5740.0,2
7560.0,3
20430.0,2
44700.0,2
3520.0,9
2310.0,8
928.0,6
9630.0,2
12550.0,2
567.0,4
27300.0,2
257000.0,2
53000.0,2
8990.0,2
5650.0,2
1064.0,8
5110.0,2
1932.0,5
1925.0,2
898.0,4
147.0,23
3100.0,6
1190.0,4
199.0,16
1214.0,2
990.0,4
1741.0,2
1010.0,4
1808.0,3
703.0,5
1490.0,6
944.0,2
421.0,11
443.0,12
838.0,7
622.0,6
541.0,6
144.0,17
137.0,21
522.0,12
840.0,6
209.0,21
4840.0,2
842.0,4
594.0,10
57.0,27
615.0,12
1770.0,2
511.0,6
263.0,27
1225.0,3
1380.0,3
1732.0,2
533.0,8
759.0,5
1641.0,4
640.0,14
377.0,9
172.0,20
599.0,8
3370.0,3
2550.0,8
1699.0,2
505.0,8
136.0,22
719.0,5
932.0,7
189.0,18
437.0,10
1890.0,4
617.0,3
7140.0,4
513.0,12
791.0,6
175.0,12
657.0,5
155.0,17
80.0,31
730.0,11
1616.0,4
616.0,10
707.0,10
740.0,13
1126.0,3
2710.0,7
194.0,18
591.0,5
858.0,5
527.0,6
1001.0,8
414.0,13
875.0,5
930.0,7
447.0,8
772.0,6
1605.0,2
718.0,6
1008.0,3
11460.0,2
405.0,16
585.0,10
584.0,11
605.0,9
946.0,7
150.0,38
702.0,12
1555.0,4
181.0,15
349.0,9
867.0,4
1561.0,2
2670.0,2
1082.0,4
1916.0,2
777.0,8
1296.0,4
1731.0,2
4150.0,6
16130.0,2
7370.0,2
786.0,6
596.0,10
8190.0,2
3260.0,6
2150.0,5
850.0,9
1604.0,3
1030.0,10
894.0,4
1567.0,2
1589.0,3
5270.0,2
1125.0,4
373.0,13
119.4,4
167.7,5
662.0,10
423.0,9
138.6,4
1105.0,3
182.7,4
1040.0,9
14930.0,2
781.0,5
1055.0,3
1362.0,5
1870.0,4
696.0,6
434.0,12
1750.0,7
2980.0,6
1149.0,5
8170.0,3
108.0,29
1619.0,3
1998.0,3
734.0,5
564.0,3
586.0,11
1120.0,9
1378.0,5
588.0,6
1053.0,3
20500.0,4
980.0,4
866.0,5
95000.0,3
484.0,8
90.5,6
1806.0,4
84.6,7
18800.0,4
241.0,10
96.4,8
48.4,8
102.0,30
71.2,7
63.7,10
2660.0,3
3810.0,4
836.0,2
885.0,6
64.6,5
1032.0,5
1080.0,6
18500.0,2
158.1,4
468.0,10
931.0,4
7770.0,3
477.0,5
104.1,3
55.8,7
101.1,3
38.9,16
4010.0,5
889.0,2
801.0,2
955.0,6
460.0,9
1815.0,5
1288.0,4
1270.0,4
2600.0,15
352.0,12
2800.0,11
453.0,17
4550.0,2
6580.0,4
108.7,5
689000.0,2
50600.0,3
3770.0,6
7680.0,2
4980.0,3
26300.0,2
20930.0,2
12700.0,5
1060.0,7
9260.0,2
8350.0,4
27700.0,4
1245.0,4
16400.0,3
784.0,8
37200.0,2
26100.0,4
12500.0,7
15200.0,2
7190.0,2
144.2,2
18600.0,3
11800.0,8
59400.0,2
138100.0,2
31800.0,2
10600.0,3
1260.0,6
63000.0,4
1797.0,2
2690.0,5
25400.0,3
1140.0,11
1724.0,2
125500.0,2
21270.0,2
3530.0,6
1736.0,3
1056.0,4
751.0,4
623.0,6
1587.0,2
1491.0,3
1177.0,2
985.0,4
4590.0,3
8850.0,3
565.0,7
10080.0,2
2880.0,7
580.0,8
664.0,8
1095.0,3
1185.0,3
654.0,9
1287.0,2
598.0,5
1556.0,3
1159.0,4
1349.0,2
9680.0,2
5010.0,3
868.0,9
5640.0,2
3170.0,4
1835.0,3
1785.0,3
666.0,8
5430.0,2
552.0,6
1780.0,7
1967.0,3
911.0,6
3640.0,5
1452.0,3
176.2,4
67.3,5
193.3,2
66.6,8
4780.0,4
1816.0,3
602.0,7
3540.0,4
5680.0,2
1708.0,4
14970.0,2
3450.0,6
58.4,11
178.3,2
1075.0,4
191.8,4
788.0,5
1698.0,2
474.0,9
1910.0,4
1335.0,6
2090.0,6
7290.0,4
1930.0,2
1666.0,3
4940.0,3
1788.0,2
1337.0,3
154.0,14
996.0,8
1180.0,3
1164.0,2
804.0,4
2370.0,7
5990.0,2
677.0,4
624.0,11
81.3,5
354.0,11
501.0,10
3220.0,3
658.0,8
618.0,5
973.0,4
555.0,5
1345.0,3
419.0,12
1372.0,2
308.0,17
6930.0,3
92.6,5
480.0,14
1057.0,2
1168.0,3
1033.0,4
1176.0,5
1304.0,7
409.0,12
5160.0,2
966.0,6
1469.0,2
12400.0,4
99.5,10
36.2,16
747.0,7
550.0,16
2680.0,3
1558.0,2
710.0,11
476.0,10
1233.0,5
514.0,7
3680.0,3
593.0,9
371.0,12
494.0,7
473.0,9
537.0,10
197.0,9
7400.0,3
1332.0,4
830.0,7
1521.0,5
704.0,5
1308.0,2
724.0,6
988.0,4
1493.0,3
1653.0,2
503.0,9
1769.0,2
2770.0,5
577.0,7
13610.0,2
969.0,4
1730.0,3
742.0,5
1155.0,3
538.0,9
441.0,9
9190.0,2
1856.0,4
98.5,5
431.0,5
146.5,3
151.1,4
132.2,2
55.9,8
199.4,2
117.2,6
75.9,7
89.5,6
164.8,3
82.4,8
72.1,5
50.4,12
4.04,11
995.0,3
900.0,11
136.8,7
1248.0,6
508.0,5
1592.0,3
737.0,3
4230.0,3
1728.0,3
1063.0,4
153.9,4
69.3,10
165.3,6
2720.0,7
61.8,5
155.7,3
87.8,6
194.1,2
125.2,3
1173.0,4
14940.0,2
183.1,3
81.1,5
886.0,3
753.0,3
4180.0,6
681.0,4
72.2,10
3420.0,4
732.0,4
115.2,5
1812.0,3
4.57,7
1088.0,3
1905.0,2
1883.0,2
1588.0,3
558.0,3
43600.0,2
37000.0,4
1211.0,2
106.6,7
42850.0,2
44790.0,2
5130.0,5
3110.0,2
1959.0,3
68.5,6
1305.0,3
131.2,6
79.4,8
2450.0,5
1645.0,4
17970.0,2
1749.0,3
1450.0,5
1134.0,2
1940.0,3
4650.0,4
6480.0,2
2120.0,7
1614.0,2
398.0,4
1734.0,2
2810.0,4
1013.0,3
4070.0,3
1722.0,3
11400.0,4
1503.0,2
1224.0,3
556.0,6
1254.0,2
4560.0,2
1124.0,3
129.8,7
2.51,13
1357.0,3
1078.0,4
1540.0,7
1218.0,2
545.0,4
4390.0,3
184.3,2
199.9,5
188.6,4
701.0,6
105.5,3
1568.0,3
936.0,5
984.0,2
463.0,10
562.0,7
1768.0,2
1763.0,2
782.0,3
853.0,8
1414.0,3
755000.0,1
1908.0,1
320000.0,2
74320.0,1
110700.0,1
450000.0,2
28800.0,1
89400.0,2
56000.0,1
4200.0,5
5590.0,3
10200.0,2
121.8,2
78.1,2
876.0,2
94.8,5
186.2,2
78300.0,1
10700.0,2
17600.0,3
21360.0,1
110800.0,1
4110.0,3
152000.0,3
26600.0,2
6070.0,1
122.6,6
359.0,14
59.7,3
64.1,6
22700.0,5
4760.0,5
1992.0,3
4700.0,3
10900.0,2
6650.0,1
21900.0,1
76.1,6
1.31,20
0.46,28
3.51,4
3.61,7
3.04,5
4.89,6
2.18,14
1.28,15
107.1,2
3.56,5
1.61,8
2.05,7
4.05,5
3.09,4
2.66,5
3.93,7
2.01,5
2.57,4
0.93,6
0.66,16
2.31,5
1.85,16
3.25,7
2.45,6
4.38,3
3.98,3
165.7,4
2.69,8
2.29,5
2.85,10
4.93,1
4.86,4
2.38,5
1665.0,2
0.85,17
3.06,6
1.84,12
2.61,11
0.92,17
4.03,7
4.31,4
0.18,7
1.77,16
191.3,2
87.1,2
123.3,5
71.4,6
38.2,10
3.26,12
3.99,7
1.53,15
2.97,3
3.71,1
4.51,3
0.94,14
3.37,3
3.84,3
4.34,6
2.25,10
0.73,7
1.52,10
0.17,8
3.16,3
0.21,7
0.78,10
0.74,14
17.2,22
1201.0,3
13700.0,3
132.7,3
23900.0,1
3930.0,3
160000.0,4
4790.0,2
5120.0,3
4160.0,4
8480.0,2
100.7,5
62.8,10
50.6,7
89.2,5
34.8,10
14290.0,1
147000.0,1
4280.0,2
736600.0,1
57300.0,1
670.0,6
1303.0,1
20400.0,2
767.0,4
40800.0,3
33600.0,2
47000.0,3
3620.0,1
1272.0,2
790.0,2
51700.0,3
525000.0,1
25070.0,1
2990.0,4
1206.0,3
1174.0,3
778.0,4
949.0,2
79.1,5
735.0,3
722.0,2
163.7,2
82.1,4
120.1,5
116.9,1
140.3,4
95.5,2
62.7,7
182.2,4
543.0,1
102.9,4
2340.0,4
145.5,5
140.8,3
177.9,3
105.7,6
67.9,4
53.2,11
91.8,8
47.6,11
70.3,5
63.8,6
119.1,3
3560.0,4
5690.0,1
3660.0,3
2320.0,5
1255.0,3
907.0,1
1853.0,2
1023.0,2
776.0,2
1073.0,3
499.0,5
136.5,3
89.4,3
170.3,2
198.7,2
134.6,3
139.3,3
135.4,2
111.3,6
192.4,2
143.5,2
179.5,2
126.4,4
106.2,8
46.1,7
37.4,13
158.6,2
47.9,7
28770.0,1
5420.0,2
1416.0,1
128.6,1
52500.0,1
26900.0,2
82000.0,2
929.0,4
3820.0,2
1401.0,1
1755.0,1
2420.0,6
4360.0,2
4800.0,6
4020.0,3
1195.0,3
1014.0,3
1097.0,1
846.0,3
613.0,6
626.0,5
142.1,2
180.3,5
169.8,3
199.1,3
167.5,2
154.5,3
139.7,4
146.2,2
51.4,13
137.8,4
158.7,2
75.1,5
108.2,5
138.3,1
117.7,1
125.8,5
86.4,5
148.1,3
156.2,3
43.1,13
153.2,4
110.5,3
161.3,3
57.6,10
186.5,4
79.6,5
75.5,4
90.9,3
84.3,5
93.3,4
127.3,3
10640.0,1
2580.0,8
1162.0,2
1693.0,1
1258.0,2
1184.0,2
1035.0,3
1110.0,4
1554.0,3
1243.0,1
608.0,4
643.0,5
595.0,3
773.0,3
150.4,3
196.1,1
663.0,5
455.0,5
177.7,1
131.4,5
184.7,2
155.1,1
131.7,4
135.8,2
139.4,4
189.5,2
177.6,2
183.7,5
135.9,3
117.1,5
142.2,4
122.7,5
142.4,4
75.4,6
102.7,4
86.3,8
74.2,8
69.5,6
114.8,3
9130.0,3
1502.0,1
918.0,1
199.3,4
174.3,2
75.6,9
1.39,15
0.23,11
0.25,12
4.17,7
4.76,3
2.24,11
1.33,13
2.56,5
1.93,4
1.91,6
166.1,2
2.16,20
1.22,17
2.86,5
1.99,5
171.5,2
2.07,6
3.02,6
4.56,4
1.26,7
2.59,10
3.68,5
2.02,2
123.6,2
1.73,6
3.39,6
4.79,3
51.7,8
3.81,4
3.31,3
2.27,4
2.28,5
1102.0,1
4.78,6
1.29,23
3.17,6
1.72,14
1.35,7
0.44,20
72.9,4
0.84,17
0.48,33
4.39,2
68.7,6
3.27,8
3.33,5
0.82,25
1.27,18
1.74,9
3.36,8
4.26,3
2.06,10
1.86,7
1.09,12
1.15,15
1.34,9
1.32,15
0.91,8
0.69,22
0.67,25
0.47,30
0.59,24
2.09,8
2.63,3
3.38,7
80.6,1
1717.0,1
91.3,3
143.4,1
2.49,6
112.5,3
105.9,4
4.16,5
108.9,1
2.17,8
4.25,7
57.9,10
187.4,3
56.3,5
3.41,1
147.9,1
2.41,13
0.86,6
115.9,2
179.1,4
2.43,9
1.83,8
3.07,4
1.55,15
4.12,6
3.48,7
169.7,2
96.5,5
1012.0,3
152.1,3
47.8,8
1.81,17
171.4,2
103.1,7
4.33,3
4.22,8
3.21,3
1.57,13
4.53,4
3.49,7
0.97,11
3.14,3
115.8,5
3.28,4
3.47,6
4.18,3
4.52,1
2.03,4
68.6,6
180.5,2
66.7,7
3.24,3
4.97,4
155.9,2
0.36,7
0.51,38
4.11,2
161.8,2
71.3,8
81.5,2
146.4,4
4.94,6
1.98,6
2.22,9
94.1,2
2.77,4
1823.0,3
76.2,3
73.5,3
46.2,10
2.92,9
74.5,4
0.71,9
116.4,4
0.77,22
94.9,1
73.9,10
4.27,4
4.37,2
2.36,4
65.7,5
2.99,5
76.6,7
162.8,4
1.92,5
4.96,5
3.94,2
2.95,5
3.95,5
4.83,3
3.22,6
160.9,2
4.92,6
4.91,5
2.15,6
197.1,1
1.49,8
3.82,4
2.82,5
197.7,1
2.78,6
0.26,13
0.24,7
186.4,2
141.9,3
266.0,18
1.21,7
4.54,3
4.82,2
4.21,5
1.65,4
73.2,6
4.63,3
77.2,9
133.3,1
92.1,2
0.62,8
4.88,4
2.75,3
0.43,4
2.34,3
86.2,5
77.5,4
4.06,3
67.2,5
85.3,4
3.54,6
0.33,5
0.16,7
3.05,5
0.22,6
0.39,8
0.37,7
0.19,6
66.3,3
3.62,4
4.44,3
3.75,2
4.62,6
4.45,4
0.28,13
43.9,12
2.04,3
1.89,7
192.7,3
171.2,2
193.2,3
120.5,2
1299.0,2
0.13,7
0.15,10
13100.0,4
58630.0,1
190000.0,1
1915.0,1
309000.0,1
34500.0,1
220000.0,2
112500.0,1
34650.0,1
503000.0,1
891.0,6
7870.0,3
3710.0,4
19420.0,1
815.0,6
13430.0,1
575.0,7
4410.0,1
989.0,3
1002.0,4
648.0,6
1828.0,3
879.0,3
1167.0,1
22110.0,1
803.0,4
5580.0,2
1720.0,2
523.0,3
6250.0,1
4380.0,2
3300.0,8
539.0,4
1632.0,2
2650.0,5
15770.0,1
4060.0,3
818.0,4
771.0,3
843.0,2
1582.0,3
1147.0,1
1133.0,1
1209.0,1
1637.0,1
1267.0,1
1227.0,3
3390.0,5
1920.0,2
8260.0,1
1624.0,1
1579.0,1
797.0,4
2350.0,7
1210.0,3
5060.0,2
983.0,4
69.8,5
26500.0,2
1236.0,3
3030.0,4
5210.0,3
3570.0,2
27060.0,1
1265.0,3
7820.0,1
30440.0,1
1590.0,5
884.0,3
8580.0,2
7800.0,5
8360.0,1
166.7,2
85.5,5
1111.0,1
36000.0,4
12880.0,1
8900.0,2
6100.0,7
1544.0,1
4210.0,4
21820.0,1
2280.0,7
60000.0,5
1928.0,1
3060.0,3
11700.0,3
1415.0,2
230000.0,3
9830.0,1
8630.0,2
6450.0,1
150.6,1
159.1,4
186.8,2
350000.0,2
140000.0,6
74600.0,1
14500.0,4
700000.0,3
8910.0,1
3970.0,3
3460.0,1
7330.0,1
5470.0,2
920000.0,1
1721.0,2
14100.0,1
14850.0,1
4580.0,3
175000.0,2
1420.0,2
72000.0,1
628000.0,1
4720.0,2
8870.0,1
1128.0,2
150000.0,10
11140.0,1
4920.0,2
499500.0,1
29600.0,1
3670.0,4
600000.0,1
10830.0,1
1318.0,2
851.0,6
1961.0,2
832.0,5
5080.0,1
903.0,3
1253.0,1
686.0,2
550000.0,1
118.1,3
301.0,12
1533.0,3
170.7,3
92670.0,1
123400.0,1
1212.0,2
1854.0,1
7520.0,1
1007.0,4
175.5,1
46200.0,1
1186.0,2
459.0,10
121.3,5
2930.0,5
1692.0,2
77000.0,2
3.89,1
106.1,6
1918.0,2
3040.0,2
1213.0,3
16010.0,1
2740.0,3
1799.0,1
7490.0,1
1324.0,2
5450.0,1
551.0,2
192.8,2
2620.0,2
671.0,2
8420.0,1
4820.0,2
159.6,2
181.6,3
21470.0,1
2970.0,4
199.5,4
49750.0,1
1005.0,4
16880.0,1
1480.0,3
645.0,1
7100.0,2
1429.0,1
144.5,2
1413.0,1
159.2,2
1361.0,1
139.1,1
70.8,5
81.6,8
153.3,2
159.4,1
172.6,1
1457.0,1
160.3,4
11170.0,1
3310.0,1
83.6,2
125.7,2
553.0,2
1432.0,1
6750.0,2
2850.0,5
147.8,2
166.4,4
1242.0,2
162.3,2
78.8,5
323.0,11
105.6,1
193.9,3
159.3,2
4750.0,2
190.4,3
1929.0,1
1648.0,1
1273.0,2
1044.0,2
103.3,6
1725.0,3
5750.0,5
114.7,2
128.4,3
888.0,2
51.1,6
802.0,4
132.8,1
1578.0,2
549.0,5
12180.0,1
1015.0,6
1979.0,1
811.0,2
148.3,3
632.0,3
39.4,7
153.1,1
175.3,3
1876.0,1
507.0,5
951.0,3
1144.0,1
1251.0,2
1194.0,3
1191.0,1
106.8,5
1017.0,3
372.0,5
826.0,4
921.0,2
1851.0,3
5330.0,1
1246.0,1
171.8,2
2440.0,10
42.2,8
150.5,1
1483.0,1
64400.0,1
174.7,1
535.0,5
147.1,2
1804.0,4
1065.0,2
1565.0,2
1477.0,1
85.7,6
4.65,4
1130.0,4
5800.0,4
1059.0,2
42600.0,1
127.7,1
162.4,1
40300.0,1
57900.0,2
32490.0,1
114.2,2
103.6,6
25250.0,1
91000.0,1
13400.0,3
1368.0,1
1875.0,1
7950.0,1
26760.0,1
827.0,1
9400.0,3
12100.0,2
1293.0,2
1630.0,5
92100.0,1
21800.0,2
41730.0,1
1104.0,3
16820.0,1
6690.0,2
44300.0,1
5760.0,1
6940.0,1
6670.0,2
194000.0,1
7360.0,2
819.0,5
813.0,2
1640.0,3
1232.0,2
135000.0,1
142000.0,1
133.7,1
4.32,2
6110.0,1
9700.0,2
153800.0,1
8180.0,2
3720.0,4
161000.0,1
341000.0,1
11510.0,1
20020.0,1
2040.0,3
5600.0,6
5510.0,1
5380.0,1
96.8,2
55300.0,1
53500.0,1
922.0,1
693.0,1
50300.0,1
153000.0,1
940.0,3
635.0,2
51000.0,2
32700.0,2
7780.0,1
626000.0,1
7630.0,1
6140.0,2
1387.0,3
50800.0,1
14540.0,1
27400.0,1
19800.0,1
1489.0,3
3830.0,1
35100.0,1
92000.0,1
70000.0,2
1373.0,2
998.0,1
23400.0,2
25850.0,1
177.3,2
270000.0,1
906.0,4
1238.0,1
16900.0,2
38690.0,1
69800.0,1
13780.0,2
1282.0,1
14250.0,3
1314.0,1
1226.0,3
1285.0,2
2920.0,2
1475.0,2
1563.0,1
1652.0,1
653.0,3
154.3,3
184.2,1
78.7,3
114.6,4
132.3,4
54.6,13
92.2,3
1046.0,1
168.8,2
135.1,5
169.4,2
103.7,5
181.1,2
109.9,2
130.5,1
122.5,4
172.4,2
1505.0,1
1839.0,1
834.0,3
1199.0,3
1454.0,1
583.0,5
130.2,5
175.4,1
120.9,2
173.8,4
164.3,1
127.1,2
145.2,2
155.5,2
175.7,1
164.9,3
134.8,4
168.7,2
175.8,1
149.4,2
98.6,4
95.3,2
126.2,2
123.7,6
85.8,4
80.7,2
91.2,4
1.97,5
1.87,3
162.7,1
148.7,1
166.9,4
168.6,1
102.2,2
109.8,1
85.4,4
118.4,2
0.11,3
93.9,4
50.3,1
132.5,3
6470.0,1
9530.0,2
1832.0,1
1138.0,2
1274.0,3
95.9,2
79.5,3
72.7,6
102.3,1
188.3,1
193.8,4
104.9,3
1163.0,1
807.0,2
15850.0,1
161.2,2
4430.0,2
7600.0,4
7590.0,1
1894.0,1
4270.0,3
1313.0,3
694.0,3
1261.0,1
524.0,4
2890.0,4
822.0,2
167.2,2
135.3,1
179.3,1
138.5,2
98.8,3
118.5,5
87.7,2
90.1,4
188.7,2
125.3,1
56.4,4
96.3,3
64.2,2
66.8,3
165.1,2
176.7,1
97.9,4
165.8,2
6330.0,3
4860.0,1
1618.0,1
1003.0,1
1647.0,1
4540.0,3
1710.0,4
1298.0,1
1068.0,1
2590.0,2
137.4,5
114.4,1
109.1,1
133.1,6
194.7,3
115.7,5
182.6,4
182.3,1
59.2,6
171.7,1
187.9,1
104.6,2
147.5,3
95.1,3
10450.0,1
28100.0,3
1443.0,2
498.0,4
51500.0,1
8670.0,1
877.0,2
1513.0,2
6680.0,1
108500.0,1
8100.0,4
408.0,4
152.2,3
11490.0,1
110200.0,1
874.0,4
169.6,2
3400.0,8
190.1,1
196.9,2
163.1,1
141.8,3
101.8,3
181.5,1
146.6,4
4030.0,3
7990.0,1
1315.0,2
1264.0,2
129.7,2
101.5,5
149.3,1
175.1,3
103.8,4
131.3,1
182.4,5
4420.0,2
8070.0,1
6860.0,1
6850.0,2
1862.0,1
12800.0,3
19050.0,1
4320.0,1
824.0,2
20680.0,1
1947.0,1
10170.0,1
5090.0,4
564000.0,1
158500.0,1
94800.0,1
997000.0,1
30750.0,1
25450.0,2
29300.0,1
1617.0,1
7090.0,1
12110.0,1
1021.0,1
11900.0,1
5810.0,1
11070.0,1
1610.0,2
1508.0,1
10330.0,1
1382.0,2
576.0,4
17400.0,1
63100.0,1
3070.0,3
1410.0,1
529.0,5
21020.0,1
20230.0,1
1333.0,2
993.0,2
8220.0,4
806.0,4
69000.0,2
9240.0,1
35400.0,1
10310.0,2
9410.0,1
1433.0,1
685.0,2
6990.0,1
5370.0,3
844.0,2
1142.0,2
175.6,1
151.5,1
159.8,2
84.4,3
1762.0,1
188.8,2
4.49,5
2.67,5
189.1,3
178.1,1
87.2,6
1.37,6
3.86,5
133.4,2
74.8,5
1.42,3
0.12,2
1.23,4
2.39,7
167.1,1
3.52,3
0.14,4
0.29,3
4.61,5
4.99,3
3.76,2
142.6,1
157.2,2
110.4,2
188.4,2
3.74,4
2.32,5
1999.0,2
93200.0,1
1422.0,2
1995.0,2
42000.0,5
168000.0,1
71500.0,1
1950.0,1
70500.0,2
4630.0,1
1306.0,2
22270.0,1
22300.0,2
166800.0,1
10300.0,2
28400.0,1
54200.0,1
4450.0,2
4330.0,2
115.1,2
12610.0,1
38400.0,1
4850.0,2
24750.0,1
14830.0,1
1182.0,2
36400.0,1
7750.0,2
158.5,2
42900.0,1
1418.0,1
71400.0,2
6970.0,1
748.0,2
132.6,3
1726.0,1
174.8,1
125.5,3
131.9,3
114.1,3
20660.0,1
916.0,7
153.4,1
116.8,4
121.9,3
111.6,3
1766.0,1
3750.0,4
872.0,1
1181.0,3
1192.0,2
1119.0,2
190.5,3
157.6,2
128.8,4
111.7,2
165.9,2
186.6,2
137.2,1
148.8,2
193.7,1
80.2,6
143.8,2
99.2,2
100.2,2
88.8,2
103.9,3
3.69,4
136.6,3
151.8,2
164.5,2
739.0,2
1117.0,1
164.2,3
198.6,3
160.6,1
1375.0,2
189.3,2
4.29,4
62.6,7
113.1,2
57700.0,1
3580.0,4
6380.0,1
265000.0,1
15640.0,1
970.0,3
6260.0,1
4040.0,2
66.4,3
8710.0,1
1922.0,1
1597.0,1
912.0,2
717.0,1
816.0,4
145.1,2
21490.0,1
831.0,1
1235.0,1
1608.0,1
1026.0,2
1336.0,1
196.6,1
179.2,1
197.2,2
109.2,6
113.6,2
924.0,2
7120.0,1
1127.0,2
1041.0,1
991.0,2
184.8,1
176.9,3
164.4,3
1529.0,1
118.2,2
98.2,2
120.2,2
136.3,1
110.7,1
99.1,2
6290.0,3
4960.0,2
1386.0,1
1247.0,2
3430.0,1
1968.0,1
1742.0,1
1451.0,1
1330.0,3
1112.0,1
864.0,2
899.0,3
981.0,1
164.7,1
184.9,2
799.0,2
130.6,2
195.8,3
163.4,2
174.2,1
117.8,2
64.5,5
134.4,2
147.2,2
151.2,2
152.4,3
116.2,1
179.9,2
133.9,3
149.6,3
135.6,3
109.3,4
106.3,3
139.5,2
98.1,3
192.9,2
191.7,2
167.8,2
178.7,1
65.2,5
147.7,1
1927.0,1
5280.0,1
16710.0,1
2060.0,6
75.8,3
139.8,1
865.0,1
7460.0,2
88000.0,2
8510.0,2
300000.0,4
144000.0,1
360000.0,1
4890.0,2
25900.0,2
149000.0,1
13200.0,2
14040.0,1
8890.0,1
295000.0,1
18200.0,3
6220.0,2
2260.0,2
32380.0,1
8810.0,1
9150.0,2
13770.0,1
1644.0,1
734000.0,1
326000.0,1
1623.0,1
711.0,6
384000.0,1
16600.0,2
272000.0,1
1189.0,2
82.8,2
22900.0,1
110000.0,2
159000.0,1
3480.0,3
79900.0,1
18260.0,1
4610.0,2
9720.0,1
19900.0,1
169.2,2
51300.0,1
12600.0,1
1680.0,4
10580.0,1
10540.0,1
23200.0,1
52900.0,1
1694.0,1
32200.0,1
11310.0,1
45300.0,2
1793.0,1
13800.0,1
28500.0,2
73030.0,1
10250.0,2
250000.0,3
19260.0,1
892.0,2
1393.0,1
15150.0,1
19250.0,1
964.0,6
5480.0,2
1145.0,2
1091.0,2
1172.0,2
1188.0,1
4250.0,1
1612.0,2
1548.0,1
3140.0,3
994.0,1
1334.0,2
73900.0,1
655.0,4
10800.0,2
9450.0,1
126.1,1
176.6,1
1690.0,1
971.0,3
714.0,3
1581.0,1
5150.0,3
3280.0,2
9750.0,2
20960.0,1
6870.0,1
660.0,11
8010.0,1
14600.0,2
75300.0,1
26400.0,1
1031.0,4
1714.0,3
997.0,2
975.0,3
1705.0,1
1077.0,1
1638.0,2
749.0,2
999.0,1
113000.0,1
659.0,1
6560.0,1
668.0,2
1549.0,2
50200.0,1
100.4,3
1346.0,1
6310.0,1
11560.0,1
697.0,1
6030.0,1
1289.0,2
52.4,6
165.6,2
136.2,3
1325.0,3
144.6,2
1844.0,1
1481.0,1
1216.0,2
1004.0,2
1101.0,1
23620.0,1
17510.0,1
1302.0,1
1877.0,2
1963.0,1
176.5,1
126.9,1
1086.0,2
11120.0,1
1316.0,1
190.2,1
4770.0,1
11920.0,1
11750.0,1
1962.0,2
152.9,1
131.8,2
1377.0,1
675.0,2
1639.0,1
1881.0,1
178.8,2
4740.0,4
15440.0,1
1954.0,1
3240.0,3
1517.0,1
1860.0,3
11150.0,1
7320.0,1
1840.0,1
128.5,2
177.5,1
1354.0,1
162.2,2
5940.0,1
755.0,1
17450.0,2
1993.0,1
1069.0,2
1650.0,3
22400.0,1
1389.0,1
563.0,2
1496.0,1
1911.0,1
1994.0,2
15250.0,1
7830.0,1
182.8,2
23850.0,2
11770.0,1
155000.0,1
10870.0,1
1570.0,3
155.8,1
1660.0,1
131.1,1
1574.0,2
57.8,2
4340.0,2
1759.0,1
1635.0,1
89.8,2
1371.0,2
81820.0,1
1656.0,1
19590.0,1
166.3,1
6390.0,1
1109.0,1
143.7,2
12570.0,2
1139.0,2
835.0,4
636.0,2
11630.0,1
6950.0,1
1571.0,2
10350.0,5
186000.0,1
149.5,1
1696.0,1
1895.0,2
4170.0,1
634.0,2
823.0,2
1279.0,1
728.0,3
6660.0,2
188.1,2
1878.0,1
3360.0,1
62000.0,1
189.7,2
976.0,2
954.0,2
134.5,2
179.8,5
16520.0,1
141.6,2
5190.0,1
9550.0,1
14300.0,2
1019.0,1
1094.0,1
107.5,1
805.0,3
11580.0,1
1809.0,1
121.1,2
6160.0,1
1148.0,1
1884.0,1
1960.0,1
186.1,2
1849.0,1
1678.0,1
14140.0,1
21700.0,1
887.0,2
1193.0,2
4600.0,3
7130.0,1
182.5,1
178.2,1
151.4,2
3120.0,1
12210.0,1
3590.0,2
9600.0,3
126.5,3
6980.0,1
210000.0,1
29900.0,1
3890.0,1
1545.0,1
184.1,2
2760.0,2
17210.0,1
14060.0,1
1761.0,1
8640.0,1
12050.0,1
14650.0,1
196.7,1
10750.0,2
14130.0,1
1898.0,1
7970.0,1
3730.0,1
3340.0,2
1417.0,1
2560.0,1
7740.0,1
1487.0,1
8080.0,1
4730.0,1
7410.0,1
17860.0,1
180.7,1
1307.0,1
1951.0,1
197.5,1
15690.0,1
1424.0,1
1099.0,2
80.5,7
17990.0,1
1237.0,1
6910.0,2
6540.0,1
8780.0,1
150.9,3
46.7,3
30380.0,1
953.0,3
1027.0,2
1096.0,1
1121.0,1
305000.0,1
19870.0,1
11410.0,1
1076.0,1
3990.0,2
117.3,2
111000.0,1
28570.0,1
123.5,2
1926.0,1
14360.0,1
16250.0,2
5850.0,1
18080.0,1
783.0,2
16570.0,1
1403.0,1
63.9,3
144.3,1
148800.0,1
1872.0,2
40500.0,1
144.8,2
46300.0,1
5170.0,2
1141.0,1
6170.0,1
168400.0,1
192800.0,1
127500.0,1
3860.0,3
13630.0,1
198000.0,1
97000.0,1
9980.0,1
1482.0,1
8250.0,1
1356.0,3
12140.0,1
116300.0,1
408000.0,1
1370.0,1
12300.0,3
77600.0,1
14900.0,1
16540.0,1
8550.0,1
464.0,1
177.4,1
160.2,2
5910.0,1
1674.0,1
37350.0,1
45760.0,1
8310.0,1
5320.0,1
7270.0,2
6090.0,2
5770.0,1
1421.0,2
1402.0,1
186.3,1
186.7,1
164.6,2
161.4,1
155.4,1
112.1,2
3.73,2
1175.0,1
1022.0,1
23470.0,1
66000.0,1
23250.0,1
39400.0,1
17850.0,1
1667.0,1
34300.0,1
18350.0,1
4640.0,1
261000.0,1
1062.0,1
4310.0,1
30790.0,1
19070.0,1
1275.0,1
4830.0,1
1532.0,1
4870.0,1
9220.0,2
1283.0,1
571.0,1
157.4,1
187.1,1
168.2,1
178.5,1
105.8,1
6210.0,1
1980.0,2
1259.0,1
163.3,3
173.9,1
183.9,1
160.4,1
185.5,2
121.4,2
161.5,1
135.5,2
124.7,1
92.4,1
120.4,3
979.0,1
1585.0,2
196.4,2
72.6,2
128.2,1
141.1,3
163.2,3
122.1,1
143.1,1
116.3,2
173.1,2
99.9,1
1814.0,1
1933.0,1
756.0,1
173.6,1
101.7,1
4.66,4
195.5,1
119.6,2
6050.0,2
13900.0,1
6370.0,1
15460.0,1
4810.0,1
67230.0,1
1553.0,1
1941.0,1
195.4,1
1499.0,1
18250.0,1
743.0,1
184.6,1
85.2,2
7170.0,2
102.4,1
3210.0,1
165.2,2
1435.0,1
1223.0,1
1036.0,1
143.6,1
3870.0,3
129.4,1
123.8,1
156.5,1
1649.0,1
1628.0,1
5030.0,3
785.0,2
28790.0,1
9050.0,1
30780.0,1
179.4,1
683.0,2
684.0,2
192.1,1
4.85,1
7960.0,1
4140.0,3
1820.0,2
978.0,2
15650.0,1
4910.0,1
24700.0,1
549000.0,1
1938.0,1
10020.0,1
195.2,3
137.9,2
4.35,2
800000.0,2
47600.0,1
8740.0,1
1367.0,1
17300.0,2
81600.0,1
6240.0,1
102700.0,1
280000.0,1
1310.0,1
1919.0,1
172.1,1
1348.0,1
191.5,2
187.3,1
86860.0,1
902.0,2
1615.0,2
3.55,7
54900.0,1
9940.0,1
17590.0,1
34700.0,1
47200.0,1
53070.0,1
5290.0,1
237200.0,1
11870.0,1
44500.0,1
9910.0,1
11210.0,1
1359.0,1
496.0,2
1965.0,1
4570.0,2
915.0,2
1541.0,1
1777.0,1
1837.0,1
1497.0,1
1388.0,2
796.0,2
1222.0,2
1129.0,1
1152.0,1
3320.0,1
410900.0,1
472000.0,1
134.3,2
244500.0,1
30800.0,1
6920.0,1
1365.0,1
279000.0,1
1347.0,1
919.0,1
192.3,1
145.6,1
9350.0,2
825000.0,1
1631.0,1
50400.0,1
119500.0,1
52150.0,1
162000.0,2
10880.0,1
5950.0,1
15240.0,1
1527.0,1
1344.0,1
1848.0,1
1868.0,1
6760.0,1
1516.0,1
169.1,1
4670.0,1
2870.0,1
1899.0,1
1704.0,1
87.9,1
1913.0,1
1575.0,1
187.5,1
1945.0,1
646.0,2
1392.0,1
63.1,2
774.0,1
16200.0,1
25010.0,1
43510.0,1
11640.0,1
27860.0,1
162.6,1
1796.0,1
168.5,1
10010.0,1
180.6,2
1358.0,1
157.5,1
143.3,1
1257.0,1
1607.0,2
1486.0,1
130.9,1
1484.0,1
1740.0,1
55000.0,2
1170.0,2
6340.0,1
26810.0,1
102000.0,1
140600.0,1
43900.0,1
1711.0,2
101000.0,1
323300.0,1
9470.0,1
247000.0,1
9780.0,1
937.0,1
9020.0,1
841.0,2
901.0,1
1098.0,1
10180.0,1
1509.0,1
5530.0,1
12690.0,1
176.1,1
71300.0,1
63500.0,1
11600.0,1
14180.0,1
145.3,1
12870.0,1
69900.0,1
3510.0,1
3270.0,1
99300.0,1
17100.0,1
36900.0,1
19300.0,1
275000.0,1
8860.0,1
8140.0,1
67600.0,1
217000.0,1
271000.0,1
52000.0,1
43500.0,1
98000.0,1
112.3,2
32270.0,1
325000.0,1
909.0,1
1473.0,1
13270.0,1
260000.0,2
1892.0,1
77.4,1
2.74,6
7240.0,1
18900.0,1
65000.0,1
151.3,1
7540.0,1
114000.0,1
141000.0,1
510000.0,1
173000.0,1
974.0,1
62290.0,1
1599.0,1
90.4,2
8050.0,1
174000.0,1
24370.0,1
1787.0,1
75750.0,1
10100.0,1
26200.0,1
31700.0,1
1116.0,1
163.9,1
1528.0,1
1865.0,1
14200.0,1
48600.0,1
62100.0,1
41700.0,1
4710.0,1
74800.0,2
8660.0,1
65500.0,1
1684.0,1
71000.0,2
52100.0,1
977.0,1
73300.0,1
1215.0,1
175400.0,1
505000.0,1
975000.0,1
17700.0,1
22390.0,1
31720.0,1
33580.0,1
8620.0,1
20690.0,1
21400.0,1
19860.0,1
103000.0,1
252000.0,1
189.2,1
1847.0,2
1048.0,1
1355.0,1
72500.0,1
17810.0,1
10610.0,1
1986.0,1
72700.0,1
33500.0,1
24270.0,1
34360.0,1
4370.0,1
87500.0,1
11880.0,1
430000.0,1
23410.0,1
56930.0,1
156.9,1
37130.0,1
93000.0,1
23600.0,1
38800.0,1
94200.0,1
145000.0,1
7650.0,1
92750.0,1
1092.0,2
197.6,1
760000.0,1
74830.0,1
37800.0,1
48200.0,1
45500.0,1
1551.0,1
68860.0,1
75500.0,1
2.37,6
1819.0,1
3.66,5
4.74,4
4.24,2
116.1,1
3.59,3
2.83,1
4.87,1
1798.0,1
4.64,1
3.79,2
190.7,1
4.81,3
4.43,1
198.1,1
149.1,1
4.69,2
4.28,1
1831.0,1
939.0,1
3.43,1
199.2,1
108.8,2
4.77,1
157.3,1
1841.0,1
158.9,1
3.11,1
1252.0,1
839.0,1
1907.0,1
199.7,1
191.4,1
112.6,1
4.01,1
25320.0,1
110.6,1
8830.0,1
1559.0,1
6780.0,1
157.7,1
421000.0,1
150200.0,1
5920.0,1
31650.0,1
118400.0,1
218000.0,1
140700.0,1
1472.0,1
8680.0,1
1058.0,1
44100.0,1
630000.0,1
900000.0,1